ORGÃO SUPERIOR CONTRATANTE;FORMA DE CONTRATAÇÃO;GRUPO DE OBJETO DE CONTRATAÇÃO;NOME DO FORNECEDOR;CPF / CNPJ DO FORNECEDOR;UF DO FORNECEDOR;VALOR CONTRATADO;CNAE PRINCIPAL;DESCRIÇÃO DA ATIVIDADE
MINISTERIO DA ECONOMIA;Inexigibilidade de Licitação;Serviços;BANCO DO BRASIL SA;00.000.000/0001-91;DF;R$ 125.368.808,73;64221-00;Bancos múltiplos, com carteira comercial
MINISTERIO DA ECONOMIA;Concorrência;Serviços;AURORA DA AMAZONIA TERMINAIS E SERVICOS LTDA;04.694.548/0001-30;AM;R$ 48.649.029,00;52117-99;Depósitos de mercadorias para terceiros, exceto armazéns gerais e guarda móveis
MINISTERIO DA ECONOMIA;Dispensa de Licitação;Outros;EMPRESA DE TECNOLOGIA E INFORMACOES DA PREVIDENCIA - DATAPREV;42.422.253/0001-01;DF;R$ 39.341.281,84;6204-0-00;Consultoria em tecnologia da informação
MINISTERIO DA ECONOMIA;Dispensa de Licitação;Serviços;CAIXA ECONOMICA FEDERAL;00.360.305/0001-04;DF;R$ 30.400.000,00;64239-00;Caixas econômicas
MINISTERIO DA ECONOMIA;Dispensa de Licitação;Serviços;BANCO DO BRASIL SA;00.000.000/0001-91;DF;R$ 30.060.000,00;64221-00;Bancos múltiplos, com carteira comercial
MINISTERIO DA ECONOMIA;Pregão;Outros;LANLINK SOLUCOES E COMERCIALIZACAO EM INFORMATICA S/A;19.877.285/0002-52;DF;R$ 25.083.136,20;62040-00;Consultoria em tecnologia da informação
MINISTERIO DA ECONOMIA;Dispensa de Licitação;Outros;TELECOMUNICACOES BRASILEIRAS SA TELEBRAS;00.336.701/0001-04;DF;R$ 25.049.780,33;61108-03;Serviços de comunicação multimídia - scm
MINISTERIO DA ECONOMIA;Pregão;Outros;BRASOFTWARE INFORMATICA LTDA;57.142.978/0001-05;SP;R$ 24.658.753,68;62031-00 ;Desenvolvimento e licenciamento de programas de computador não-customizáveis
MINISTERIO DA ECONOMIA;Inexigibilidade de Licitação;Serviços;CAIXA ECONOMICA FEDERAL;00.360.305/0001-04;DF;R$ 24.034.275,72;64239-00;Caixas econômicas
MINISTERIO DA ECONOMIA;Pregão;Serviços;WR COMERCIAL DE ALIMENTOS E SERVICOS LTDA;06.091.637/0001-17;DF;R$ 14.966.662,32;82113-00;Serviços combinados de escritório e apoio administrativo
MINISTERIO DA ECONOMIA;Pregão;Serviços;CONFEDERAL VIGILANCIA E TRANSPORTE DE VALORES LTDA;31.546.484/0001-00;DF;R$ 14.098.000,00;;
MINISTERIO DA ECONOMIA;Pregão;Bens patrimoniais;LAYER DO BRASIL EIRELI;04.929.322/0001-70;DF;R$ 8.449.811,54;;
MINISTERIO DA ECONOMIA;Pregão - Registro de Preço;Serviços;MIRANDA TURISMO E REPRESENTACOES LTDA;24.929.614/0001-10;DF;R$ 5.687.728,00;;
MINISTERIO DA ECONOMIA;Pregão;Serviços;SEGPLUS - SISTEMAS DE SEGURANCA - EIRELI;11.933.418/0001-78;PR;R$ 5.553.930,60;;
MINISTERIO DA ECONOMIA;Pregão - Registro de Preço;Serviços;PRIME CONSULTORIA E ASSESSORIA EMPRESARIAL LTDA;05.340.639/0001-30;SP;R$ 4.887.950,00;;
MINISTERIO DA ECONOMIA;Inexigibilidade de Licitação;Bens patrimoniais;SAFETY WALL DEFESA E SEGURANCA LTDA.;10.194.062/0001-35;SP;R$ 3.922.450,02;;
MINISTERIO DA ECONOMIA;Inexigibilidade de Licitação;Serviços;EMPRESA BRASILEIRA DE CORREIOS E TELEGRAFOS;34.028.316/0020-76;PR;R$ 3.338.865,00;;
MINISTERIO DA ECONOMIA;Pregão;Serviços;GLOBAL SERVICOS & COMERCIO LTDA;09.439.320/0001-17;SP;R$ 2.665.321,68;;
MINISTERIO DA ECONOMIA;Dispensa de Licitação;Serviços;SUAVE NEGOCIOS E EMPREENDIMENTOS LTDA;50.729.417/0001-68;SP;R$ 2.663.392,20;;
MINISTERIO DA ECONOMIA;Pregão;Outros;PRO-SYSTEMS INFORMATICA LTDA;03.620.200/0001-35;DF;R$ 2.638.560,00;;
MINISTERIO DA ECONOMIA;Pregão;Outros;DFTI - COMERCIO E SERVICOS DE INFORMATICA LTDA;09.650.283/0001-91;DF;R$ 2.597.880,00;;
MINISTERIO DA ECONOMIA;Pregão - Registro de Preço;Serviços;PRIME CONSULTORIA E ASSESSORIA EMPRESARIAL LTDA;05.340.639/0001-30;SP;R$ 2.567.950,00;;
MINISTERIO DA ECONOMIA;Pregão;Serviços;MPE ENGENHARIA E SERVICOS S/A;04.743.858/0001-05;RJ;R$ 2.499.946,92;;
MINISTERIO DA ECONOMIA;Pregão;Serviços;AIRONSERV SERVICOS INTEGRADOS LTDA;07.809.721/0001-96;PR;R$ 2.454.672,00;;
MINISTERIO DA ECONOMIA;Pregão;Serviços;SETTA - SERVICOS TERCEIRIZADOS LTDA;11.301.568/0001-69;PR;R$ 2.254.908,10;;
MINISTERIO DA ECONOMIA;Pregão - Registro de Preço;Outros;SIMPRESS COMERCIO LOCACAO E SERVICOS LTDA;07.432.517/0001-07;SP;R$ 2.252.323,54;;
MINISTERIO DA ECONOMIA;Dispensa de Licitação;Serviços;ALBATROZ SEGURANCA E VIGILANCIA LTDA;66.700.295/0001-17;SP;R$ 2.243.471,62;;
MINISTERIO DA ECONOMIA;Pregão - Registro de Preço;Serviços;A. C. M. D. PRESTACAO DE SERVICOS EIRELI;04.543.719/0001-20;SP;R$ 2.064.666,60;;
MINISTERIO DA ECONOMIA;Pregão - Registro de Preço;Serviços;BRS SUPRIMENTOS CORPORATIVOS S/A;09.216.620/0001-37;RS;R$ 1.920.709,72;;
MINISTERIO DA ECONOMIA;Pregão - Registro de Preço;Serviços;MIRANDA TURISMO E REPRESENTACOES LTDA;24.929.614/0001-10;DF;R$ 1.844.165,55;;
MINISTERIO DA ECONOMIA;Pregão - Registro de Preço;Serviços;MIRANDA TURISMO E REPRESENTACOES LTDA;24.929.614/0001-10;DF;R$ 1.781.068,34;;
MINISTERIO DA ECONOMIA;Pregão;Serviços;ESPLANADA SERVICOS TERCEIRIZADOS EIRELI;01.099.686/0001-82;DF;R$ 1.749.452,52;;
MINISTERIO DA ECONOMIA;Inexigibilidade de Licitação;Outros;NEC LATIN AMERICA S.A.;49.074.412/0001-65;SP;R$ 1.695.545,00;;
MINISTERIO DA ECONOMIA;Pregão;Serviços;SETE BAHIA TERCEIRIZACAO EIRELI;13.515.708/0001-27;PR;R$ 1.685.079,60;;
MINISTERIO DA ECONOMIA;Pregão;Serviços;JAVA SEGURANCA PATRIMONIAL LTDA;03.394.369/0001-14;BA;R$ 1.605.787,44;;
MINISTERIO DA ECONOMIA;Pregão;Serviços;VENCER TERCEIRIZACAO DE SERVICOS LTDA;08.800.447/0001-57;PR;R$ 1.567.876,48;;
MINISTERIO DA ECONOMIA;Pregão - Registro de Preço;Serviços;MIRANDA TURISMO E REPRESENTACOES LTDA;24.929.614/0001-10;DF;R$ 1.521.223,10;;
MINISTERIO DA ECONOMIA;Dispensa de Licitação;Serviços;NEW HOUSE EMPREENDIMENTOS IMOBILIARIOS EIRELI;26.461.338/0001-34;RR;R$ 1.500.000,00;;
MINISTERIO DA ECONOMIA;Pregão;Materiais, Serviços;CIBAM ENGENHARIA EIRELI;01.211.015/0001-61;SP;R$ 1.490.900,26;;
MINISTERIO DA ECONOMIA;Pregão;Outros;SERVIX INFORMATICA LTDA;01.134.191/0002-28;DF;R$ 1.477.202,00;;
MINISTERIO DA ECONOMIA;Pregão;Serviços;PIRES E MACHADO SEGURANCA LTDA;10.314.494/0001-32;RS;R$ 1.403.000,00;;
MINISTERIO DA ECONOMIA;Inexigibilidade de Licitação;Serviços;EMPRESA BRASILEIRA DE CORREIOS E TELEGRAFOS;34.028.316/0016-90;MT;R$ 1.350.000,00;;
MINISTERIO DA ECONOMIA;Pregão;Serviços;ERICA E.G. LIMA SERVICOS DE MAO DE OBRA EIRELI;19.362.299/0001-52;PA;R$ 1.347.658,92;;
MINISTERIO DA ECONOMIA;Pregão;Serviços;SERVEBEM CONSERVACAO E LIMPEZA DE PREDIOS EIRELI;15.309.324/0001-83;PB;R$ 1.299.535,44;;
MINISTERIO DA ECONOMIA;Pregão - Registro de Preço;Serviços;MIRANDA TURISMO E REPRESENTACOES LTDA;24.929.614/0001-10;DF;R$ 1.298.807,30;;
MINISTERIO DA ECONOMIA;Pregão;Serviços;ESTUFAS E GALPOES FARDIN EIRELI;02.347.663/0001-02;ES;R$ 1.194.716,10;;
MINISTERIO DA ECONOMIA;Pregão;Serviços;SUDESTE CONSTRUCOES E SERVICOS GERAIS EIRELI;22.652.918/0001-58;ES;R$ 1.178.899,03;;
MINISTERIO DA ECONOMIA;Inexigibilidade de Licitação;Serviços;FUNDACAO GETULIO VARGAS;33.641.663/0001-44;RJ;R$ 1.164.800,00;;
MINISTERIO DA ECONOMIA;Pregão;Serviços;FEICON SEGURANCA LTDA;12.355.254/0001-01;PE;R$ 1.121.740,44;;
MINISTERIO DA ECONOMIA;Pregão - Registro de Preço;Serviços;MIRANDA TURISMO E REPRESENTACOES LTDA;24.929.614/0001-10;DF;R$ 1.105.041,80;;
MINISTERIO DA ECONOMIA;Pregão - Registro de Preço;Bens patrimoniais, Materiais;RFMOBI SOLUTIONS LTDA;20.530.773/0001-97;SP;R$ 1.071.500,00;;
MINISTERIO DA ECONOMIA;Pregão;Serviços;PARAIBA SERVICOS DE LIMPEZA E CONSERVACAO EIRELI;19.069.415/0001-40;PB;R$ 1.042.785,72;;
MINISTERIO DA ECONOMIA;Pregão;Serviços;INSTITUTO INTERAMERICANO DE DESENVOLVIMENTO HUMANO - BEM BRASIL;10.427.965/0001-19;SP;R$ 1.034.479,24;;
MINISTERIO DA ECONOMIA;Pregão;Serviços;VIGILANCIA URBANA EIRELI;02.116.723/0001-86;PR;R$ 1.028.990,41;;
MINISTERIO DA ECONOMIA;Inexigibilidade de Licitação;Serviços;CENTRO DE ENSINO UNIFICADO DE BRASILIA CEUB;00.059.857/0001-87;DF;R$ 1.026.885,60;;
MINISTERIO DA ECONOMIA;Pregão;Serviços;OBSERVES SERVICOS EIRELI;26.412.260/0001-68;SC;R$ 1.019.999,85;;
MINISTERIO DA ECONOMIA;Pregão - Registro de Preço;Serviços;PLANSUL PLANEJAMENTO E CONSULTORIA EIRELI;78.533.312/0001-58;SC;R$ 980.093,40;;
MINISTERIO DA ECONOMIA;Dispensa de Licitação;Serviços;PROTEMAXI SEGURANCA PATRIMONIAL ARMADA EIRELI;04.808.914/0001-34;CE;R$ 971.695,91;;
MINISTERIO DA ECONOMIA;Inexigibilidade de Licitação;Serviços;AGENCIA ESTADO S.A;62.652.961/0001-38;SP;R$ 954.729,36;;
MINISTERIO DA ECONOMIA;Pregão - Registro de Preço;Serviços;ORBENK ADMINISTRACAO E SERVICOS LTDA.;79.283.065/0001-41;SC;R$ 923.770,80;;
MINISTERIO DA ECONOMIA;Pregão - Registro de Preço;Serviços;PLATAFORMA TERCEIRIZACAO DE SERVICOS EIRELI;02.738.552/0001-27;SP;R$ 905.439,00;;
MINISTERIO DA ECONOMIA;Pregão;Serviços;PROSPERUS SEGURANCA EIRELI;23.784.111/0001-31;SP;R$ 903.305,00;;
MINISTERIO DA ECONOMIA;Pregão - Registro de Preço;Serviços;ALLTECH - SOLUCOES EM TECNOLOGIA LTDA;21.547.011/0001-66;DF;R$ 875.720,00;;
MINISTERIO DA ECONOMIA;Sem Informação;Outros;S I SISTEMAS INTELIGENTES ELETRONICOS LTDA;82.027.129/0001-58;PR;R$ 858.854,20;;
MINISTERIO DA ECONOMIA;Dispensa de Licitação;Serviços;SETTA - SERVICOS TERCEIRIZADOS LTDA;11.301.568/0001-69;PR;R$ 843.880,28;;
MINISTERIO DA ECONOMIA;Pregão;Serviços;RABELO COMERCIO DE AUTO PECAS - EIRELI;11.210.857/0001-52;DF;R$ 840.000,00;;
MINISTERIO DA ECONOMIA;Pregão;Serviços;SOBERANA TERCEIRIZACAO DE SERVICOS EIRELI;02.891.176/0001-06;PR;R$ 838.999,90;;
MINISTERIO DA ECONOMIA;Pregão - Registro de Preço;Serviços;PLANSUL PLANEJAMENTO E CONSULTORIA EIRELI;78.533.312/0001-58;SC;R$ 833.309,10;;
MINISTERIO DA ECONOMIA;Pregão;Serviços;D. G. DA SILVA INFORMATICA - EIRELI;18.276.815/0001-63;PA;R$ 811.476,97;;
MINISTERIO DA ECONOMIA;Pregão;Serviços;FLEX ASSESSORIA E ZELADORIA LTDA;00.952.800/0001-02;RJ;R$ 744.998,40;;
MINISTERIO DA ECONOMIA;Pregão;Serviços;SETTA - SERVICOS TERCEIRIZADOS LTDA;11.301.568/0001-69;PR;R$ 700.000,00;;
MINISTERIO DA ECONOMIA;Pregão - Registro de Preço;Outros;PLANSUL PLANEJAMENTO E CONSULTORIA EIRELI;78.533.312/0001-58;SC;R$ 694.164,30;;
MINISTERIO DA ECONOMIA;Sem Informação;Outros;LIVETECH DA BAHIA INDUSTRIA E COMERCIO S.A;05.917.486/0001-40;BA;R$ 675.723,60;;
MINISTERIO DA ECONOMIA;Pregão;Serviços;OFFICE COMERCIO E SERVICOS EIRELI;19.234.161/0001-78;PA;R$ 660.000,00;;
MINISTERIO DA ECONOMIA;Pregão;Serviços;M.R. CONSTRUTORA EIRELI;04.272.538/0001-06;SP;R$ 651.267,00;;
MINISTERIO DA ECONOMIA;Pregão;Serviços;ORBENK ADMINISTRACAO E SERVICOS LTDA.;79.283.065/0001-41;SC;R$ 642.999,96;;
MINISTERIO DA ECONOMIA;Pregão;Serviços;PRIME CONSULTORIA E ASSESSORIA EMPRESARIAL LTDA;05.340.639/0001-30;SP;R$ 615.732,41;;
MINISTERIO DA ECONOMIA;Pregão;Serviços;ARES APOIO EMPRESARIAL EIRELI;17.135.565/0001-89;RJ;R$ 613.301,88;;
MINISTERIO DA ECONOMIA;Pregão;Serviços;KHRONOS SERVICOS ESPECIALIZADOS LTDA;02.220.017/0001-80;SC;R$ 585.976,35;;
MINISTERIO DA ECONOMIA;Pregão;Serviços;VENCER TERCEIRIZACAO DE SERVICOS LTDA;08.800.447/0001-57;PR;R$ 584.836,57;;
MINISTERIO DA ECONOMIA;Pregão;Serviços;TEIXEIRA & CALADO SEGURANCA LTDA;14.071.312/0001-09;SP;R$ 584.179,20;;
MINISTERIO DA ECONOMIA;Pregão;Serviços;NORSEG VIGILANCIA E SEGURANCA EIRELI;12.557.363/0001-01;PA;R$ 576.597,72;;
MINISTERIO DA ECONOMIA;Pregão;Serviços;PGE - PROJETOS, GERENCIAMENTOS E EMPREENDIMENTOS LTDA;06.303.138/0001-46;PR;R$ 558.498,68;;
MINISTERIO DA ECONOMIA;Pregão;Serviços;INOVACAO COMERCIO E SERVICOS EIRELI;15.277.274/0001-08;SP;R$ 551.723,51;;
MINISTERIO DA ECONOMIA;Inexigibilidade de Licitação;Serviços;EMPRESA BRASILEIRA DE CORREIOS E TELEGRAFOS;34.028.316/0002-94;RJ;R$ 550.000,00;;
MINISTERIO DA ECONOMIA;Inexigibilidade de Licitação;Serviços;ENE TREINAMENTOS, CURSOS E EVENTOS EIRELI;05.025.586/0001-62;DF;R$ 549.600,00;;
MINISTERIO DA ECONOMIA;Tomada de Preços;Obras;L&S ENGENHARIA LTDA;14.868.122/0001-09;DF;R$ 549.282,80;;
MINISTERIO DA ECONOMIA;Pregão;Serviços;SEHIC SERVICO EMPRESARIAL EIRELI;07.767.949/0001-60;PE;R$ 548.195,52;;
MINISTERIO DA ECONOMIA;Pregão;Serviços;SOLUMAR SERVICOS TERCEIRIZADOS E FACILITIES LTDA;12.569.038/0001-69;SP;R$ 539.478,61;;
MINISTERIO DA ECONOMIA;Pregão;Obras;ELETRIWATTS ENGENHARIA EIRELI;26.742.605/0001-41;GO;R$ 533.899,84;;
MINISTERIO DA ECONOMIA;Pregão;Serviços;GAMA CONSERVACAO E MANUTENCAO PREDIAL LTDA;19.609.199/0001-88;CE;R$ 531.987,03;;
MINISTERIO DA ECONOMIA;Pregão - Registro de Preço;Serviços;ORBENK ADMINISTRACAO E SERVICOS LTDA.;79.283.065/0001-41;SC;R$ 529.300,56;;
MINISTERIO DA ECONOMIA;Pregão;Serviços;D. G. DA SILVA INFORMATICA - EIRELI;18.276.815/0001-63;PA;R$ 517.448,54;;
MINISTERIO DA ECONOMIA;Pregão - Registro de Preço;Serviços;JR COMERCIOS E VIDROS LTDA;12.500.834/0001-45;DF;R$ 516.147,44;;
MINISTERIO DA ECONOMIA;Pregão;Materiais, Serviços;LINK CARD ADMINISTRADORA DE BENEFICIOS EIRELI;12.039.966/0001-11;SP;R$ 512.522,28;;
MINISTERIO DA ECONOMIA;Dispensa de Licitação;Serviços;ISALINO ROMUALDO DA SILVA LISBOA;***.034.966-**;MG;R$ 510.000,00;;
MINISTERIO DA ECONOMIA;Pregão;Serviços;NORTE SERVICOS DE MAO DE OBRA EIRELI;14.991.257/0001-67;PA;R$ 506.476,80;;
MINISTERIO DA ECONOMIA;Pregão;Serviços;SETE BAHIA TERCEIRIZACAO EIRELI;13.515.708/0001-27;PR;R$ 500.992,68;;
MINISTERIO DA ECONOMIA;Pregão - Registro de Preço;Outros;SIMPRESS COMERCIO LOCACAO E SERVICOS LTDA;07.432.517/0001-07;SP;R$ 498.025,76;;
MINISTERIO DA ECONOMIA;Pregão;Serviços;EFICIENCIA SERVICOS ADMINISTRATIVOS LTDA;14.690.263/0001-84;MG;R$ 497.899,91;;
MINISTERIO DA ECONOMIA;Pregão;Serviços;CAMARGO SEGURANCA PRIVADA EIRELI;12.498.008/0001-09;RS;R$ 482.399,76;;
MINISTERIO DA ECONOMIA;Dispensa de Licitação;Serviços;FLAVIO LUIS GOMES;***.900.006-**;MG;R$ 474.000,00;;
MINISTERIO DA ECONOMIA;Pregão;Serviços;STA. FE ENGENHARIA E SERVICOS LTDA;11.949.783/0001-70;PE;R$ 456.473,44;;
MINISTERIO DA ECONOMIA;Pregão;Materiais, Serviços;TRIVALE ADMINISTRACAO LTDA;00.604.122/0001-97;MG;R$ 455.044,37;;
MINISTERIO DA ECONOMIA;Pregão;Serviços;INDUSTEC COMERCIAL E SERVICOS EIRELI;10.213.136/0001-33;RJ;R$ 446.240,98;;
MINISTERIO DA ECONOMIA;Pregão;Serviços;ELETROCONTROLE ENGENHARIA COMERCIO E REPRESENTACAO LTDA;00.899.223/0001-32;DF;R$ 435.125,84;;
MINISTERIO DA ECONOMIA;Pregão - Registro de Preço;Serviços;PLATAFORMA TERCEIRIZACAO DE SERVICOS EIRELI;02.738.552/0001-27;SP;R$ 434.082,02;;
MINISTERIO DA ECONOMIA;Pregão;Serviços;PRIME CONSULTORIA E ASSESSORIA EMPRESARIAL LTDA;05.340.639/0001-30;SP;R$ 430.920,54;;
MINISTERIO DA ECONOMIA;Pregão;Serviços;MEZI EMPRESARIAL LTDA;10.952.790/0001-69;AM;R$ 427.999,80;;
MINISTERIO DA ECONOMIA;Pregão;Bens patrimoniais;CIMCORP COMERCIO E SERVICOS DE TECNOLOGIA DE INFORMATICA LTDA.;04.352.711/0001-86;MG;R$ 416.586,00;;
MINISTERIO DA ECONOMIA;Pregão;Serviços;PERES SERVICOS DE SEGURANCA LTDA;07.917.508/0001-06;CE;R$ 413.398,19;;
MINISTERIO DA ECONOMIA;Pregão;Serviços;SETOPAR - SERVICOS TERCEIRIZADOS DO OESTE DO PARANA LTDA;03.637.701/0001-24;PR;R$ 411.764,47;;
MINISTERIO DA ECONOMIA;Pregão - Registro de Preço;Bens patrimoniais, Materiais;RFMOBI SOLUTIONS LTDA;20.530.773/0001-97;SP;R$ 409.500,00;;
MINISTERIO DA ECONOMIA;Pregão;Serviços;PRIME CONSULTORIA E ASSESSORIA EMPRESARIAL LTDA;05.340.639/0001-30;SP;R$ 405.392,79;;
MINISTERIO DA ECONOMIA;Pregão - Registro de Preço;Bens patrimoniais;EUROLINE COMERCIO DE MOVEIS EIRELI;13.622.580/0001-09;RS;R$ 403.366,70;;
MINISTERIO DA ECONOMIA;Inexigibilidade de Licitação;Serviços;EMPRESA BRASILEIRA DE CORREIOS E TELEGRAFOS;34.028.316/0021-57;PE;R$ 401.605,41;;
MINISTERIO DA ECONOMIA;Pregão;Serviços;D'URSO & D'URSO LTDA;05.973.389/0001-75;MS;R$ 401.293,26;;
MINISTERIO DA ECONOMIA;Pregão;Serviços;ELIMAR PRESTADORA DE SERVICOS EM GERAL EIRELI;01.182.827/0001-26;AL;R$ 395.114,97;;
MINISTERIO DA ECONOMIA;Pregão - Registro de Preço;Bens patrimoniais;EUROLINE COMERCIO DE MOVEIS EIRELI;13.622.580/0001-09;RS;R$ 388.509,50;;
MINISTERIO DA ECONOMIA;Pregão;Serviços;NAFSEG SEGURANCA E VIGILANCIA PATRIMONIAL EIRELI;10.369.790/0001-30;BA;R$ 384.888,88;;
MINISTERIO DA ECONOMIA;Dispensa de Licitação;Serviços;CENTRO BRASILEIRO DE PESQUISA EM  AVALIACAO E SELECAO E DE PROMOCAO DE EVENTOS - CEBRASPE;18.284.407/0001-53;DF;R$ 380.000,00;;
MINISTERIO DA ECONOMIA;Inexigibilidade de Licitação;Serviços;ENE TREINAMENTOS, CURSOS E EVENTOS EIRELI;05.025.586/0001-62;DF;R$ 376.825,00;;
MINISTERIO DA ECONOMIA;Pregão;Serviços;KARISTEN COMERCIO E SERVICOS MECANICOS E ELETRICOS LTDA;05.970.357/0001-16;ES;R$ 370.910,94;;
MINISTERIO DA ECONOMIA;Dispensa de Licitação;Serviços;CONSELHO CULTURAL THOMAS JEFFERSON;00.114.090/0001-41;DF;R$ 351.931,20;;
MINISTERIO DA ECONOMIA;Pregão;Serviços;ENGELINK LTDA.;12.139.246/0001-28;PR;R$ 341.889,94;;
MINISTERIO DA ECONOMIA;Pregão;Outros;HSC DESENVOLVIMENTO E SERVICOS EM TECNOLOGIA DA INFORMACAO LTDA;13.103.980/0001-08;RS;R$ 339.999,92;;
MINISTERIO DA ECONOMIA;Inexigibilidade de Licitação;Serviços;ELETROPAULO METROPOLITANA ELETRICIDADE DE SAO PAULO S.A.;61.695.227/0001-93;SP;R$ 339.580,00;;
MINISTERIO DA ECONOMIA;Dispensa de Licitação;Serviços;P H DOS REIS NICOMEDES ENGENHARIA;28.749.288/0001-10;SP;R$ 336.543,76;;
MINISTERIO DA ECONOMIA;Pregão;Serviços;GED PRESTADORA DE SERVICOS GERAIS LTDA;13.697.422/0001-00;MS;R$ 331.700,00;;
MINISTERIO DA ECONOMIA;Dispensa de Licitação;Serviços;EMPRESA BRASILEIRA DE CORREIOS E TELEGRAFOS;34.028.316/0016-90;MT;R$ 330.000,00;;
MINISTERIO DA ECONOMIA;Pregão - Registro de Preço;Serviços;ORBENK ADMINISTRACAO E SERVICOS LTDA.;79.283.065/0001-41;SC;R$ 327.400,00;;
MINISTERIO DA ECONOMIA;Pregão;Materiais, Serviços;ITACOL - COMERCIO E SERVICOS DE MATERIAIS DE CONSTRUCAO LTDA;01.426.994/0001-75;AM;R$ 320.099,82;;
MINISTERIO DA ECONOMIA;Dispensa de Licitação;Serviços;TEIXEIRA & CALADO SEGURANCA LTDA;14.071.312/0001-09;SP;R$ 319.616,00;;
MINISTERIO DA ECONOMIA;Pregão - Registro de Preço;Serviços;A.C. SIMOES NETO;22.102.657/0001-00;RR;R$ 317.558,61;;
MINISTERIO DA ECONOMIA;Pregão;Serviços;NORTH SERVICOS DE SEGURANCA EIRELI;86.960.598/0001-86;CE;R$ 313.984,80;;
MINISTERIO DA ECONOMIA;Pregão - Registro de Preço;Serviços;E. R. P. DE OLIVEIRA COMERCIO DE INFORMATICA E SERVICO DE APOIO ADMINISTRATIVO LTDA;10.927.661/0001-10;RO;R$ 311.124,00;;
MINISTERIO DA ECONOMIA;Pregão;Serviços;H L DOS SANTOS EIRELI;01.219.144/0001-04;RN;R$ 309.409,90;;
MINISTERIO DA ECONOMIA;Pregão - Registro de Preço;Serviços;ORBENK ADMINISTRACAO E SERVICOS LTDA.;79.283.065/0001-41;SC;R$ 308.840,00;;
MINISTERIO DA ECONOMIA;Dispensa de Licitação;Serviços;ACOFORTE SEGURANCA E VIGILANCIA EIRELI;07.447.264/0001-37;SP;R$ 306.345,00;;
MINISTERIO DA ECONOMIA;Pregão;Serviços;P S GERENCIAL DE NEGOCIOS LTDA;17.360.593/0001-08;PR;R$ 302.122,68;;
MINISTERIO DA ECONOMIA;Pregão;Serviços;PRIME CONSULTORIA E ASSESSORIA EMPRESARIAL LTDA;05.340.639/0001-30;SP;R$ 300.346,06;;
MINISTERIO DA ECONOMIA;Inexigibilidade de Licitação;Serviços;EMPRESA BRASIL DE COMUNICACAO S.A. - EBC;09.168.704/0001-42;DF;R$ 300.000,00;;
MINISTERIO DA ECONOMIA;Pregão;Serviços;OPEN SERVICOS E TERCEIRIZACAO DE MAO DE OBRA LTDA;18.296.524/0001-37;PB;R$ 297.299,84;;
MINISTERIO DA ECONOMIA;Pregão - Registro de Preço;Serviços;GRADI VIGILANCIA E SEGURANCA LTDA;10.599.807/0001-46;MS;R$ 295.128,42;;
MINISTERIO DA ECONOMIA;Dispensa de Licitação;Serviços;CEMAX ADMINISTRACAO E SERVICOS LTDA;10.243.854/0001-52;RJ;R$ 295.003,08;;
MINISTERIO DA ECONOMIA;Pregão;Serviços;JW NEVES LIMPEZA E PORTARIA LTDA.;17.101.290/0001-62;SP;R$ 291.208,32;;
MINISTERIO DA ECONOMIA;Pregão;Serviços;VIGISOL VIGILANCIA PATRIMONIAL EIRELI;79.929.774/0001-51;SC;R$ 291.000,00;;
MINISTERIO DA ECONOMIA;Pregão;Serviços;NASCIMENTO SERVICOS DE LIMPEZA LTDA;03.644.009/0001-23;RS;R$ 288.234,96;;
MINISTERIO DA ECONOMIA;Pregão - Registro de Preço;Bens patrimoniais, Materiais, Serviços;PRODUTIVIDADE SERVICOS ESPECIALIZADOS DE INSTALACOES LTDA;30.283.748/0001-00;SP;R$ 287.608,76;;
MINISTERIO DA ECONOMIA;Pregão;Serviços;MANUTECNICA MANUTENCAO LTDA;03.758.809/0001-75;BA;R$ 282.960,00;;
MINISTERIO DA ECONOMIA;Sem Informação;Outros;TECNO2000 INDUSTRIA E COMERCIO LTDA;21.306.287/0001-52;MG;R$ 282.210,00;;
MINISTERIO DA ECONOMIA;Pregão;Serviços;SETTA - SERVICOS TERCEIRIZADOS LTDA;11.301.568/0001-69;PR;R$ 281.066,04;;
MINISTERIO DA ECONOMIA;Pregão - Registro de Preço;Serviços;ORBENK ADMINISTRACAO E SERVICOS LTDA.;79.283.065/0001-41;SC;R$ 270.247,68;;
MINISTERIO DA ECONOMIA;Pregão;Materiais, Serviços;PRIME CONSULTORIA E ASSESSORIA EMPRESARIAL LTDA;05.340.639/0001-30;SP;R$ 269.764,12;;
MINISTERIO DA ECONOMIA;Pregão - Registro de Preço;Outros;SIMPRESS COMERCIO LOCACAO E SERVICOS LTDA;07.432.517/0001-07;SP;R$ 268.193,79;;
MINISTERIO DA ECONOMIA;Pregão;Serviços;TEIXEIRA & CALADO SEGURANCA LTDA;14.071.312/0001-09;SP;R$ 265.429,92;;
MINISTERIO DA ECONOMIA;Pregão - Registro de Preço;Serviços;LCC MOVEIS EIRELI;09.027.395/0001-90;SP;R$ 263.115,00;;
MINISTERIO DA ECONOMIA;Pregão;Serviços;L. A. QUEIROZ EIRELI;34.791.063/0001-25;PA;R$ 259.946,40;;
MINISTERIO DA ECONOMIA;Dispensa de Licitação;Serviços;AMANDA CAROLINE D ONOFRE GARCIA;***.752.328-**;SP;R$ 259.200,00;;
MINISTERIO DA ECONOMIA;Pregão;Serviços;JAVE - YIRE CONSULTORIA, EVENTOS, SERVICOS E COMERCIO LTDA;02.425.466/0001-64;CE;R$ 258.085,20;;
MINISTERIO DA ECONOMIA;Pregão;Obras;MOENDO COMERCIO E CONSTRUCOES LTDA;05.466.712/0001-14;PE;R$ 257.000,00;;
MINISTERIO DA ECONOMIA;Pregão;Serviços;BRASPE VIGILANCIA E SEGURANCA EIRELI;01.019.747/0001-54;BA;R$ 255.050,16;;
MINISTERIO DA ECONOMIA;Pregão;Serviços;PLANO A ENGENHARIA E CONSTRUCAO EIRELI;13.350.109/0001-09;AC;R$ 253.523,88;;
MINISTERIO DA ECONOMIA;Inexigibilidade de Licitação;Serviços;FUNDACAO FACULDADE DE MEDICINA;56.577.059/0001-00;SP;R$ 251.300,00;;
MINISTERIO DA ECONOMIA;Pregão;Serviços;TAWRUS SEGURANCA E VIGILANCIA LTDA;09.406.386/0001-00;AM;R$ 250.809,36;;
MINISTERIO DA ECONOMIA;Pregão;Serviços;TELEMAR NORTE LESTE S/A. - EM RECUPERACAO JUDICIAL;33.000.118/0001-79;RJ;R$ 241.810,52;;
MINISTERIO DA ECONOMIA;Pregão;Serviços;CRETA COMERCIO E SERVICOS LTDA;04.374.998/0001-45;BA;R$ 240.910,18;;
MINISTERIO DA ECONOMIA;Pregão - Registro de Preço;Outros;SIMPRESS COMERCIO LOCACAO E SERVICOS LTDA;07.432.517/0001-07;SP;R$ 240.655,68;;
MINISTERIO DA ECONOMIA;Dispensa de Licitação;Serviços;OI S.A. - EM RECUPERACAO JUDICIAL;76.535.764/0001-43;RJ;R$ 239.706,00;;
MINISTERIO DA ECONOMIA;Pregão - Registro de Preço;Serviços;MEGA SEGURANCA LTDA;04.951.122/0001-14;MS;R$ 235.944,48;;
MINISTERIO DA ECONOMIA;Pregão - Registro de Preço;Serviços;MEGA SEGURANCA LTDA;04.951.122/0001-14;MS;R$ 235.944,48;;
MINISTERIO DA ECONOMIA;Pregão;Materiais, Serviços;LINK CARD ADMINISTRADORA DE BENEFICIOS EIRELI;12.039.966/0001-11;SP;R$ 235.131,49;;
MINISTERIO DA ECONOMIA;Dispensa de Licitação;Serviços;NORTH SERVICOS DE SEGURANCA EIRELI;86.960.598/0001-86;CE;R$ 233.239,74;;
MINISTERIO DA ECONOMIA;Pregão - Registro de Preço;Serviços;COOPARIOCA COOPERATIVA DE TRABALHO DE TAXI CARIOCA LTDA;31.344.070/0001-90;RJ;R$ 231.535,24;;
MINISTERIO DA ECONOMIA;Pregão - Registro de Preço;Serviços;A SETE COMERCIO E SERVICOS EIRELI;15.188.822/0001-15;GO;R$ 230.638,00;;
MINISTERIO DA ECONOMIA;Pregão;Serviços;GRABIN OBRAS E SERVICOS URBANOS - EIRELI;08.058.662/0001-24;PR;R$ 229.281,71;;
MINISTERIO DA ECONOMIA;Pregão - Registro de Preço;Serviços;ARCOM COMERCIO E SERVICOS EIRELI;18.083.458/0001-17;PR;R$ 227.824,44;;
MINISTERIO DA ECONOMIA;Pregão;Serviços;MASTER VIGILANCIA ESPECIALIZADA LTDA;77.998.912/0010-10;SP;R$ 227.390,00;;
MINISTERIO DA ECONOMIA;Pregão;Serviços;JW NEVES LIMPEZA E PORTARIA LTDA.;17.101.290/0001-62;SP;R$ 225.805,24;;
MINISTERIO DA ECONOMIA;Pregão;Serviços;FUTARI ADMINISTRACAO E SERVICOS EIRELI;15.754.164/0001-81;SP;R$ 223.199,64;;
MINISTERIO DA ECONOMIA;Dispensa de Licitação;Materiais;AUTO POSTO FORMULA FOZ LTDA;86.806.148/0001-33;PR;R$ 217.320,78;;
MINISTERIO DA ECONOMIA;Pregão;Serviços;TELEMAR NORTE LESTE S/A. - EM RECUPERACAO JUDICIAL;33.000.118/0001-79;RJ;R$ 214.461,73;;
MINISTERIO DA ECONOMIA;Pregão - Registro de Preço;Bens patrimoniais;EBA OFFICE COMERCIO DE MAQUINAS PARA ESCRITORIO LTDA;09.015.414/0001-69;SP;R$ 210.532,00;;
MINISTERIO DA ECONOMIA;Inexigibilidade de Licitação;Serviços;PARANAGUA SANEAMENTO S.A.;01.691.945/0001-60;PR;R$ 210.000,00;;
MINISTERIO DA ECONOMIA;Pregão - Registro de Preço;Materiais, Serviços;TICKET SOLUCOES HDFGT S/A;03.506.307/0001-57;RS;R$ 209.790,00;;
MINISTERIO DA ECONOMIA;Pregão;Materiais, Serviços;LINK CARD ADMINISTRADORA DE BENEFICIOS EIRELI;12.039.966/0001-11;SP;R$ 206.020,08;;
MINISTERIO DA ECONOMIA;Pregão - Registro de Preço;Serviços;SFRIAR AR CONDICIONADOS EIRELI;22.036.374/0001-08;GO;R$ 205.100,00;;
MINISTERIO DA ECONOMIA;Pregão - Registro de Preço;Outros;SIMPRESS COMERCIO LOCACAO E SERVICOS LTDA;07.432.517/0001-07;SP;R$ 201.000,00;;
MINISTERIO DA ECONOMIA;Inexigibilidade de Licitação;Serviços;BPGR TECNOLOGIA E INFORMACAO EIRELI;00.885.818/0001-39;RJ;R$ 198.892,20;;
MINISTERIO DA ECONOMIA;Pregão;Materiais, Serviços;LINK CARD ADMINISTRADORA DE BENEFICIOS EIRELI;12.039.966/0001-11;SP;R$ 198.278,00;;
MINISTERIO DA ECONOMIA;Dispensa de Licitação;Serviços;EMPRESA BRASILEIRA DE CORREIOS E TELEGRAFOS;34.028.316/0026-61;RS;R$ 196.640,00;;
MINISTERIO DA ECONOMIA;Pregão - Registro de Preço;Bens patrimoniais;EBA OFFICE COMERCIO DE MAQUINAS PARA ESCRITORIO LTDA;09.015.414/0001-69;SP;R$ 195.494,00;;
MINISTERIO DA ECONOMIA;Pregão;Materiais, Serviços;LINK CARD ADMINISTRADORA DE BENEFICIOS EIRELI;12.039.966/0001-11;SP;R$ 191.101,12;;
MINISTERIO DA ECONOMIA;Pregão;Serviços;A. C. M. D. PRESTACAO DE SERVICOS EIRELI;04.543.719/0001-20;SP;R$ 189.767,86;;
MINISTERIO DA ECONOMIA;Pregão - Registro de Preço;Serviços;COOPARIOCA COOPERATIVA DE TRABALHO DE TAXI CARIOCA LTDA;31.344.070/0001-90;RJ;R$ 189.737,17;;
MINISTERIO DA ECONOMIA;Pregão;Serviços;ERICA E.G. LIMA SERVICOS DE MAO DE OBRA EIRELI;19.362.299/0001-52;PA;R$ 189.095,80;;
MINISTERIO DA ECONOMIA;Dispensa de Licitação;Serviços;TALIMPO LIMPEZA URBANA - EIRELI;03.116.706/0001-01;RN;R$ 185.957,28;;
MINISTERIO DA ECONOMIA;Dispensa de Licitação;Serviços;SERSIL DO BRASIL SERVICOS TERCEIRIZADOS EIRELI;59.645.168/0001-05;SP;R$ 184.184,17;;
MINISTERIO DA ECONOMIA;Pregão - Registro de Preço;Serviços;APPA SERVICOS TEMPORARIOS E EFETIVOS LTDA;05.969.071/0001-10;SP;R$ 182.679,60;;
MINISTERIO DA ECONOMIA;Pregão - Registro de Preço;Serviços;ASSOCIACAO DOS TAXISTAS PRIME;02.242.714/0001-31;SP;R$ 180.938,88;;
MINISTERIO DA ECONOMIA;Pregão;Serviços;ENERGIZA ENGENHARIA EIRELI;17.856.676/0001-84;DF;R$ 180.000,00;;
MINISTERIO DA ECONOMIA;Pregão - Registro de Preço;Serviços;IMPERIAL RONDONIA FORNECIMENTO E GESTAO DE RECURSOS HUMANOS PARA TERCEIROS LTDA;09.134.888/0001-20;RO;R$ 179.708,64;;
MINISTERIO DA ECONOMIA;Pregão;Serviços;IRMAOS KREFTA LTDA;81.189.227/0001-29;PR;R$ 177.158,00;;
MINISTERIO DA ECONOMIA;Pregão - Registro de Preço;Serviços;APPA SERVICOS TEMPORARIOS E EFETIVOS LTDA;05.969.071/0001-10;SP;R$ 175.401,60;;
MINISTERIO DA ECONOMIA;Pregão - Registro de Preço;Outros;MENDEX NETWORKS TELECOMUNICACOES LTDA;08.219.232/0001-47;SP;R$ 173.800,00;;
MINISTERIO DA ECONOMIA;Pregão;Outros;EBARA TECNOLOGIA COMERCIO E SERVICOS EM INFORMATICA LTDA;04.471.402/0001-25;RN;R$ 171.149,76;;
MINISTERIO DA ECONOMIA;Pregão;Materiais, Serviços;J. ATAIDE ALVES EIRELI;09.165.068/0001-03;AL;R$ 169.517,82;;
MINISTERIO DA ECONOMIA;Dispensa de Licitação;Serviços;JOSE ROBERTO DOS SANTOS;***.073.076-**;MG;R$ 168.840,00;;
MINISTERIO DA ECONOMIA;Pregão - Registro de Preço;Serviços;ORBENK ADMINISTRACAO E SERVICOS LTDA.;79.283.065/0001-41;SC;R$ 167.851,20;;
MINISTERIO DA ECONOMIA;Pregão - Registro de Preço;Serviços;LCC MOVEIS EIRELI;09.027.395/0001-90;SP;R$ 166.639,50;;
MINISTERIO DA ECONOMIA;Pregão;Serviços;PONTUAL SERVICOS EMPRESARIAL EIRELI;22.688.729/0001-35;MG;R$ 165.039,12;;
MINISTERIO DA ECONOMIA;Pregão;Serviços;OBSERVES SERVICOS EIRELI;26.412.260/0001-68;SC;R$ 163.797,79;;
MINISTERIO DA ECONOMIA;Pregão;Obras;LLP ENGENHARIA & CONSULTORIA LTDA;10.385.871/0001-24;DF;R$ 162.000,00;;
MINISTERIO DA ECONOMIA;Pregão;Serviços;A S NETO ENGENHARIA EIRELI;11.896.697/0001-47;MG;R$ 162.000,00;;
MINISTERIO DA ECONOMIA;Pregão;Serviços;TELEFONICA BRASIL S.A.;02.558.157/0001-62;SP;R$ 161.816,35;;
MINISTERIO DA ECONOMIA;Pregão;Serviços;NP3 COMERCIO E SERVICOS LTDA;01.667.155/0003-00;RS;R$ 159.542,59;;
MINISTERIO DA ECONOMIA;Pregão;Serviços;DIEGO F.GUTIERREZ;18.904.963/0001-85;SP;R$ 159.000,00;;
MINISTERIO DA ECONOMIA;Pregão;Serviços;MEMPHIS ENGENHARIA E SERVICOS EIRELI;57.183.816/0001-15;SP;R$ 155.250,00;;
MINISTERIO DA ECONOMIA;Pregão;Outros;1TELECOM SERVICOS DE TECNOLOGIA EM INTERNET LTDA;11.844.663/0001-09;PE;R$ 152.000,00;;
MINISTERIO DA ECONOMIA;Pregão;Serviços;HIGICLEAN III TECNOLOGIA E LIMPEZA EIRELI;25.128.718/0001-99;BA;R$ 151.566,60;;
MINISTERIO DA ECONOMIA;Pregão;Materiais, Serviços;LINK CARD ADMINISTRADORA DE BENEFICIOS EIRELI;12.039.966/0001-11;SP;R$ 150.781,54;;
MINISTERIO DA ECONOMIA;Dispensa de Licitação;Materiais;CENTRAL DE COOPERATIVAS DE COMERCIALIZACAO DA AGRICULTURA FAMILIAR E ECONOMIA SOLIDARIA ARCO SERTAO;15.303.517/0001-27;BA;R$ 148.330,00;;
MINISTERIO DA ECONOMIA;Inexigibilidade de Licitação;Serviços;COPEL DISTRIBUICAO S.A.;04.368.898/0001-06;PR;R$ 144.417,60;;
MINISTERIO DA ECONOMIA;Pregão - Registro de Preço;Bens patrimoniais;EUROLINE COMERCIO DE MOVEIS EIRELI;13.622.580/0001-09;RS;R$ 142.418,00;;
MINISTERIO DA ECONOMIA;Inexigibilidade de Licitação;Serviços;COMPANHIA DE AGUAS E ESGOTOS DE RORAIMA CAER;05.939.467/0001-15;RR;R$ 139.319,10;;
MINISTERIO DA ECONOMIA;Pregão;Serviços;ENGELINK LTDA.;12.139.246/0001-28;PR;R$ 139.079,58;;
MINISTERIO DA ECONOMIA;Pregão;Serviços;NORTE SERVICOS DE MAO DE OBRA EIRELI;14.991.257/0001-67;PA;R$ 138.991,34;;
MINISTERIO DA ECONOMIA;Pregão;Serviços;ENERFIX MANUTENCAO E INSTALACAO LTDA;28.319.607/0001-58;GO;R$ 137.900,00;;
MINISTERIO DA ECONOMIA;Pregão - Registro de Preço;Materiais, Serviços;INFOCABLE INFRAESTRUTURA E TECNOLOGIA LTDA;13.168.343/0001-01;PR;R$ 137.785,00;;
MINISTERIO DA ECONOMIA;Pregão;Serviços;SUP SERVICOS DE CONSTRUCOES E MANUTENCAO EIRELI;04.465.383/0001-24;AM;R$ 135.720,00;;
MINISTERIO DA ECONOMIA;Pregão;Obras;CONSTRUTORA MAIORCA EIRELI;26.925.413/0001-70;DF;R$ 135.057,09;;
MINISTERIO DA ECONOMIA;Pregão;Serviços;GAMA CONSERVACAO E MANUTENCAO PREDIAL LTDA;19.609.199/0001-88;CE;R$ 134.794,92;;
MINISTERIO DA ECONOMIA;Pregão;Serviços;INOVAR SERVICOS CORPORATIVOS LTDA;27.189.662/0001-08;CE;R$ 133.650,04;;
MINISTERIO DA ECONOMIA;Pregão;Serviços;IGUACU DESENVOLVIMENTO LTDA;17.453.147/0001-30;PR;R$ 129.126,40;;
MINISTERIO DA ECONOMIA;Dispensa de Licitação;Serviços;TAWRUS SEGURANCA E VIGILANCIA LTDA;09.406.386/0001-00;AM;R$ 128.580,12;;
MINISTERIO DA ECONOMIA;Inexigibilidade de Licitação;Serviços;EMPRESA BRASILEIRA DE CORREIOS E TELEGRAFOS;34.028.316/7101-51;SP;R$ 125.000,00;;
MINISTERIO DA ECONOMIA;Pregão;Materiais, Serviços;LINK CARD ADMINISTRADORA DE BENEFICIOS EIRELI;12.039.966/0001-11;SP;R$ 123.411,86;;
MINISTERIO DA ECONOMIA;Pregão;Serviços;VALE DO RIBEIRA INTERNET LTDA;07.017.934/0001-85;SP;R$ 120.898,40;;
MINISTERIO DA ECONOMIA;Pregão - Registro de Preço;Serviços;ASSOCIACAO DOS TAXISTAS PRIME;02.242.714/0001-31;SP;R$ 120.473,10;;
MINISTERIO DA ECONOMIA;Pregão;Serviços;REFORMAR ELEVADORES LTDA;21.633.171/0001-28;BA;R$ 119.999,52;;
MINISTERIO DA ECONOMIA;Inexigibilidade de Licitação;Serviços;EMPRESA BRASILEIRA DE CORREIOS E TELEGRAFOS;34.028.316/0004-56;AL;R$ 116.669,97;;
MINISTERIO DA ECONOMIA;Pregão;Serviços;R R DA C RODRIGUES COMERCIO VAREJISTA DE PRODUTOS FARMACEUTICOS- EIRELI;17.284.229/0001-06;AM;R$ 115.200,00;;
MINISTERIO DA ECONOMIA;Dispensa de Licitação;Serviços;HELENA HIROMI TANAKA MAKINODAN;***.028.848-**;SP;R$ 114.622,56;;
MINISTERIO DA ECONOMIA;Pregão;Serviços;FOCO SERVICOS TERCEIRIZADOS EIRELI;27.619.044/0001-50;RS;R$ 114.018,00;;
MINISTERIO DA ECONOMIA;Dispensa de Licitação;Serviços;LIMPMAX ADMINISTRADORA DE SERVICOS EIRELI;12.256.355/0001-25;PE;R$ 113.185,08;;
MINISTERIO DA ECONOMIA;Pregão;Outros;QUALYCOPY COMERCIO E SERVICOS LTDA;02.902.072/0001-50;BA;R$ 113.004,00;;
MINISTERIO DA ECONOMIA;Pregão - Registro de Preço;Serviços;HAZA CONSTRUCOES DE EDIFICIOS EIRELI;17.278.082/0001-33;AM;R$ 112.734,22;;
MINISTERIO DA ECONOMIA;Pregão - Registro de Preço;Materiais;PRIME CONSULTORIA E ASSESSORIA EMPRESARIAL LTDA;05.340.639/0001-30;SP;R$ 111.235,50;;
MINISTERIO DA ECONOMIA;Dispensa de Licitação;Serviços;EMBRASG - EMPRESA BRASILEIRA DE SERVICOS GERAIS LTDA;01.248.111/0001-84;GO;R$ 109.758,72;;
MINISTERIO DA ECONOMIA;Pregão;Serviços;DT CONSERVACAO E LIMPEZA LTDA -;00.997.194/0001-41;AM;R$ 109.570,00;;
MINISTERIO DA ECONOMIA;Pregão - Registro de Preço;Outros;SIMPRESS COMERCIO LOCACAO E SERVICOS LTDA;07.432.517/0001-07;SP;R$ 108.966,27;;
MINISTERIO DA ECONOMIA;Pregão;Serviços;ERICA E.G. LIMA SERVICOS DE MAO DE OBRA EIRELI;19.362.299/0001-52;PA;R$ 106.499,64;;
MINISTERIO DA ECONOMIA;Inexigibilidade de Licitação;Serviços;EMPRESA BRASILEIRA DE CORREIOS E TELEGRAFOS;34.028.316/7101-51;SP;R$ 105.000,00;;
MINISTERIO DA ECONOMIA;Pregão;Serviços;OBSERVES SERVICOS EIRELI;26.412.260/0001-68;SC;R$ 104.157,86;;
MINISTERIO DA ECONOMIA;Pregão;Serviços;PETBRAZIL CLINICA VETERINARIA LTDA;01.781.151/0001-97;PR;R$ 102.204,00;;
MINISTERIO DA ECONOMIA;Pregão - Registro de Preço;Serviços;AG4 SERVICOS EMPRESARIAIS - EIRELI;03.171.959/0001-88;SP;R$ 101.148,38;;
MINISTERIO DA ECONOMIA;Dispensa de Licitação;Serviços;A & L SERVICOS EIRELI;21.976.075/0001-82;SE;R$ 100.255,82;;
MINISTERIO DA ECONOMIA;Pregão;Serviços;S & B LOCACOES DE VEICULOS EIRELI;01.838.726/0001-60;PE;R$ 98.183,50;;
MINISTERIO DA ECONOMIA;Pregão;Serviços;AMBIENTAL TECNOL CONSULTORIA EIRELI;07.819.027/0001-50;GO;R$ 97.145,00;;
MINISTERIO DA ECONOMIA;Pregão;Serviços;ERICA E.G. LIMA SERVICOS DE MAO DE OBRA EIRELI;19.362.299/0001-52;PA;R$ 97.127,95;;
MINISTERIO DA ECONOMIA;Pregão - Registro de Preço;Serviços;IMPERIAL RONDONIA FORNECIMENTO E GESTAO DE RECURSOS HUMANOS PARA TERCEIROS LTDA;09.134.888/0001-20;RO;R$ 96.261,12;;
MINISTERIO DA ECONOMIA;Pregão;Serviços;GREENLIFE JARDINS E AREAS VERDES LTDA;12.513.284/0001-07;SP;R$ 96.000,00;;
MINISTERIO DA ECONOMIA;Inexigibilidade de Licitação;Serviços;CIA DE SANEAMENTO BASICO DO ESTADO DE SAO PAULO SABESP;43.776.517/0001-80;SP;R$ 95.620,00;;
MINISTERIO DA ECONOMIA;Pregão;Serviços;SOBERANA TERCEIRIZACAO DE SERVICOS EIRELI;02.891.176/0001-06;PR;R$ 94.417,51;;
MINISTERIO DA ECONOMIA;Sem Informação;Outros;SPR BATERIAS COMERCIO E IMPORTACAO EIRELI;13.303.289/0001-60;SP;R$ 93.705,15;;
MINISTERIO DA ECONOMIA;Inexigibilidade de Licitação;Serviços;EMPRESA BRASILEIRA DE CORREIOS E TELEGRAFOS;34.028.316/0003-75;AM;R$ 91.000,00;;
MINISTERIO DA ECONOMIA;Inexigibilidade de Licitação;Serviços;COMPANHIA PERNAMBUCANA DE SANEAMENTO;09.769.035/0001-64;PE;R$ 90.429,60;;
MINISTERIO DA ECONOMIA;Inexigibilidade de Licitação;Serviços;EMPRESA BRASILEIRA DE CORREIOS E TELEGRAFOS;34.028.316/7101-51;SP;R$ 90.000,00;;
MINISTERIO DA ECONOMIA;Pregão;Serviços;ELEVADORES MILENIO EIRELI;03.539.398/0001-27;MG;R$ 89.999,00;;
MINISTERIO DA ECONOMIA;Pregão;Materiais;MUNDIAL DERIVADOS DE PETROLEO LTDA;04.727.601/0001-51;ES;R$ 89.850,00;;
MINISTERIO DA ECONOMIA;Pregão;Materiais;ROBERIO PINTO FREIRE;29.062.235/0001-90;CE;R$ 89.100,00;;
MINISTERIO DA ECONOMIA;Pregão;Bens patrimoniais;FM SOLUCOES INTEGRADAS EIRELI;19.367.628/0001-58;DF;R$ 89.000,00;;
MINISTERIO DA ECONOMIA;Pregão;Materiais, Serviços;PRIME CONSULTORIA E ASSESSORIA EMPRESARIAL LTDA;05.340.639/0001-30;SP;R$ 88.481,04;;
MINISTERIO DA ECONOMIA;Inexigibilidade de Licitação;Serviços;CELESC DISTRIBUICAO S.A;08.336.783/0001-90;SC;R$ 87.600,00;;
MINISTERIO DA ECONOMIA;Pregão;Outros;PRINT & COPY EQUIPAMENTOS E SERVICOS LTDA;01.798.250/0001-81;MS;R$ 87.510,00;;
MINISTERIO DA ECONOMIA;Pregão - Registro de Preço;Serviços;LIMPAR LIMPEZA E CONSERVACAO LTDA;08.775.721/0001-85;PA;R$ 84.910,80;;
MINISTERIO DA ECONOMIA;Pregão - Registro de Preço;Serviços;IMPERIAL RONDONIA FORNECIMENTO E GESTAO DE RECURSOS HUMANOS PARA TERCEIROS LTDA;09.134.888/0001-20;RO;R$ 84.376,32;;
MINISTERIO DA ECONOMIA;Pregão - Registro de Preço;Bens patrimoniais;FCA FIAT CHRYSLER AUTOMOVEIS BRASIL LTDA.;16.701.716/0001-56;MG;R$ 83.500,00;;
MINISTERIO DA ECONOMIA;Pregão;Serviços;SCHNEIDER AUTO PECAS LTDA;89.503.106/0001-11;RS;R$ 82.378,68;;
MINISTERIO DA ECONOMIA;Pregão - Registro de Preço;Serviços;GRANLIMP LIMPEZA E CONSERVACAO EIRELI;23.501.536/0001-96;MS;R$ 82.250,04;;
MINISTERIO DA ECONOMIA;Pregão - Registro de Preço;Serviços;NORTE XPRESS TRANSPORTES SERVICOS EIRELI;11.140.110/0001-75;AC;R$ 81.300,00;;
MINISTERIO DA ECONOMIA;Pregão - Registro de Preço;Serviços;NORTE XPRESS TRANSPORTES SERVICOS EIRELI;11.140.110/0001-75;AC;R$ 81.300,00;;
MINISTERIO DA ECONOMIA;Pregão;Serviços;OI S.A. - EM RECUPERACAO JUDICIAL;76.535.764/0001-43;RJ;R$ 81.066,80;;
MINISTERIO DA ECONOMIA;Pregão - Registro de Preço;Bens patrimoniais;M M RODRIGUES EIRELI;26.519.663/0001-00;DF;R$ 81.026,00;;
MINISTERIO DA ECONOMIA;Pregão;Serviços;OI S.A. - EM RECUPERACAO JUDICIAL;76.535.764/0001-43;RJ;R$ 80.784,00;;
MINISTERIO DA ECONOMIA;Pregão;Outros;ROSEMERI WENDT E CIA LTDA;04.925.768/0001-27;RS;R$ 79.612,24;;
MINISTERIO DA ECONOMIA;Pregão;Serviços;DURATEC IMPERMEABILIZACAO E SERVICOS EMPRESARIAIS EIRELI;26.177.283/0001-35;SP;R$ 79.140,92;;
MINISTERIO DA ECONOMIA;Pregão;Serviços;PERILLO ENGENHARIA E GEOLOGIA - EIRELI;09.477.765/0001-91;SP;R$ 79.004,76;;
MINISTERIO DA ECONOMIA;Pregão - Registro de Preço;Outros;ITS TELECOMUNICACOES LTDA;08.772.214/0001-98;BA;R$ 78.980,00;;
MINISTERIO DA ECONOMIA;Pregão;Outros;IMPRESSIONE SOLUCOES EM COPIAS E IMPRESSOES LTDA;10.953.726/0001-00;RN;R$ 77.736,24;;
MINISTERIO DA ECONOMIA;Inexigibilidade de Licitação;Serviços;EMPRESA BRASILEIRA DE CORREIOS E TELEGRAFOS;34.028.316/0013-47;GO;R$ 77.640,20;;
MINISTERIO DA ECONOMIA;Pregão;Materiais, Serviços;LINK CARD ADMINISTRADORA DE BENEFICIOS EIRELI;12.039.966/0001-11;SP;R$ 77.207,92;;
MINISTERIO DA ECONOMIA;Pregão;Outros;REPROS SOLUCOES EM DOCUMENTOS EIRELI;07.346.326/0001-14;MG;R$ 77.180,00;;
MINISTERIO DA ECONOMIA;Pregão - Registro de Preço;Serviços;ORBENK ADMINISTRACAO E SERVICOS LTDA.;79.283.065/0001-41;SC;R$ 76.928,16;;
MINISTERIO DA ECONOMIA;Pregão;Serviços;BRASIL FORTE - VIGILANCIA E SEGURANCA LTDA;05.290.522/0001-99;RJ;R$ 75.964,00;;
MINISTERIO DA ECONOMIA;Pregão;Serviços;S L DOS R MORAES EIRELI;07.928.761/0001-57;AM;R$ 74.583,36;;
MINISTERIO DA ECONOMIA;Pregão;Serviços;OI S.A. - EM RECUPERACAO JUDICIAL;76.535.764/0001-43;RJ;R$ 74.504,83;;
MINISTERIO DA ECONOMIA;Pregão;Obras;PERILLO ENGENHARIA E GEOLOGIA - EIRELI;09.477.765/0001-91;SP;R$ 74.353,45;;
MINISTERIO DA ECONOMIA;Pregão - Registro de Preço;Serviços;PRIME CONSULTORIA E ASSESSORIA EMPRESARIAL LTDA;05.340.639/0001-30;SP;R$ 72.367,00;;
MINISTERIO DA ECONOMIA;Pregão - Registro de Preço;Outros;MENDEX NETWORKS TELECOMUNICACOES LTDA;08.219.232/0001-47;SP;R$ 72.000,00;;
MINISTERIO DA ECONOMIA;Pregão;Materiais, Serviços;LINK CARD ADMINISTRADORA DE BENEFICIOS EIRELI;12.039.966/0001-11;SP;R$ 71.956,15;;
MINISTERIO DA ECONOMIA;Pregão;Serviços;SETOPAR - SERVICOS TERCEIRIZADOS DO OESTE DO PARANA LTDA;03.637.701/0001-24;PR;R$ 71.400,00;;
MINISTERIO DA ECONOMIA;Pregão - Registro de Preço;Materiais;METROPOLIS COMERCIO E  IMPORTACAO E EXPORTACAO LTDA;07.569.652/0001-90;MA;R$ 71.250,00;;
MINISTERIO DA ECONOMIA;Pregão;Outros;ALLGED SOLUCOES DE TI LTDA.;23.226.948/0001-65;RS;R$ 71.150,40;;
MINISTERIO DA ECONOMIA;Pregão - Registro de Preço;Serviços;RENOVA CONSTRUCOES E PAISAGISMO LTDA ME;13.777.340/0001-75;MS;R$ 70.934,19;;
MINISTERIO DA ECONOMIA;Pregão - Registro de Preço;Serviços;RENOVA CONSTRUCOES E PAISAGISMO LTDA ME;13.777.340/0001-75;MS;R$ 70.456,73;;
MINISTERIO DA ECONOMIA;Pregão;Serviços;GED PRESTADORA DE SERVICOS GERAIS LTDA;13.697.422/0001-00;MS;R$ 69.900,00;;
MINISTERIO DA ECONOMIA;Dispensa de Licitação;Obras;WPJ ENGENHARIA E CONTRUCOES LTDA;12.241.224/0001-74;SC;R$ 69.398,14;;
MINISTERIO DA ECONOMIA;Pregão;Serviços;FABRICA GESTAO DE PESSOAS E SERVICOS DE APOIO EIRELI;11.517.550/0001-07;CE;R$ 69.262,32;;
MINISTERIO DA ECONOMIA;Pregão - Registro de Preço;Serviços;ORBENK ADMINISTRACAO E SERVICOS LTDA.;79.283.065/0001-41;SC;R$ 67.561,92;;
MINISTERIO DA ECONOMIA;Pregão;Serviços;OFFICE COMERCIO E SERVICOS EIRELI;19.234.161/0001-78;PA;R$ 67.335,70;;
MINISTERIO DA ECONOMIA;Pregão;Serviços;VISION EMPREENDIMENTOS EIRELI;09.327.728/0001-05;AP;R$ 67.199,96;;
MINISTERIO DA ECONOMIA;Inexigibilidade de Licitação;Serviços;EMPRESA BRASILEIRA DE CORREIOS E TELEGRAFOS;34.028.316/7101-51;SP;R$ 65.547,00;;
MINISTERIO DA ECONOMIA;Pregão;Serviços;GENTE SEGURADORA SA;90.180.605/0001-02;RS;R$ 64.000,00;;
MINISTERIO DA ECONOMIA;Pregão - Registro de Preço;Serviços;TELEMAR NORTE LESTE S/A. - EM RECUPERACAO JUDICIAL;33.000.118/0001-79;RJ;R$ 63.532,49;;
MINISTERIO DA ECONOMIA;Pregão;Serviços;UNIVERSIDADE PATATIVA DO ASSARE;05.342.580/0001-19;CE;R$ 63.000,00;;
MINISTERIO DA ECONOMIA;Pregão - Registro de Preço;Materiais;FONSECA MARTINS COMERCIO DE GAS - EIRELI;00.961.053/0001-79;GO;R$ 61.068,00;;
MINISTERIO DA ECONOMIA;Pregão;Serviços;ELEVADORES VILLARTA LTDA;54.222.401/0001-15;SP;R$ 60.900,00;;
MINISTERIO DA ECONOMIA;Pregão - Registro de Preço;Serviços;GD - GESTAO & DESENVOLVIMENTO EMPRESARIAL LTDA;05.457.572/0001-18;DF;R$ 60.603,85;;
MINISTERIO DA ECONOMIA;Dispensa de Licitação;Serviços;R&A COMERCIO DE EQUIPAMENTOS TELEFONICOS LTDA;54.561.071/0001-92;SP;R$ 59.970,00;;
MINISTERIO DA ECONOMIA;Pregão;Serviços;INOVAR SERVICOS CORPORATIVOS LTDA;27.189.662/0001-08;CE;R$ 59.966,16;;
MINISTERIO DA ECONOMIA;Pregão;Serviços;ARGO BAHIA SERVICOS E EMPREEENDIMENTOS EIRELI;11.211.475/0001-43;BA;R$ 59.641,04;;
MINISTERIO DA ECONOMIA;Pregão;Serviços;COMMANDO SEGURANCA ELETRONICA LTDA;11.369.367/0001-01;MG;R$ 59.620,50;;
MINISTERIO DA ECONOMIA;Pregão;Materiais, Serviços;DRAGAO DE CAMPOS ELETRO DIESEL LTDA;31.447.055/0002-59;RJ;R$ 59.350,00;;
MINISTERIO DA ECONOMIA;Pregão;Materiais, Serviços;M. R. S. DA ROCHA;10.415.328/0001-22;DF;R$ 56.999,00;;
MINISTERIO DA ECONOMIA;Pregão;Serviços;TELEMAR NORTE LESTE S/A. - EM RECUPERACAO JUDICIAL;33.000.118/0001-79;RJ;R$ 56.780,68;;
MINISTERIO DA ECONOMIA;Pregão;Materiais, Serviços;AGUA NOBRE DISTRIBUIDORA DE GAS E BEBIDAS  LTDA;10.535.296/0001-07;PR;R$ 56.503,98;;
MINISTERIO DA ECONOMIA;Pregão - Registro de Preço;Serviços;AGENCIA DE INTEGRACAO EMPRESA ESCOLA LTDA;01.406.617/0001-74;MG;R$ 56.284,86;;
MINISTERIO DA ECONOMIA;Pregão;Serviços;PETBRAZIL CLINICA VETERINARIA LTDA;01.781.151/0001-97;PR;R$ 56.000,80;;
MINISTERIO DA ECONOMIA;Pregão;Serviços;TELEMAR NORTE LESTE S/A. - EM RECUPERACAO JUDICIAL;33.000.118/0001-79;RJ;R$ 55.440,53;;
MINISTERIO DA ECONOMIA;Pregão;Serviços;VISION EMPREENDIMENTOS EIRELI;09.327.728/0001-05;AP;R$ 53.300,00;;
MINISTERIO DA ECONOMIA;Pregão;Outros;BRASIL SERVICOS DE TELECOMUNICACOES LTDA;07.756.651/0001-55;RS;R$ 52.543,00;;
MINISTERIO DA ECONOMIA;Pregão;Serviços;ASSUM PRETO PRODUCOES CULTURAIS E COMERCIO DE MATERIAIS PARA USO MEDICO EIRELI;10.462.477/0001-42;CE;R$ 51.998,42;;
MINISTERIO DA ECONOMIA;Pregão;Serviços;N. E N. REFRIGERACAO LTDA;14.100.831/0001-40;AC;R$ 51.175,75;;
MINISTERIO DA ECONOMIA;Pregão - Registro de Preço;Materiais, Serviços;SPLIT SERVICE REFRIGERACAO COMERCIO E SERVICOS LTDA;11.048.879/0001-68;PA;R$ 50.508,00;;
MINISTERIO DA ECONOMIA;Pregão;Outros;SCREEN SAVER INFORMATICA LTDA;01.800.080/0001-22;BA;R$ 50.498,80;;
MINISTERIO DA ECONOMIA;Pregão;Materiais, Serviços;ARTONHO CLIMATIZACAO E COMERCIO LTDA;03.851.228/0001-83;SC;R$ 50.200,00;;
MINISTERIO DA ECONOMIA;Inexigibilidade de Licitação;Serviços;EMPRESA BRASIL DE COMUNICACAO S.A. - EBC;09.168.704/0001-42;DF;R$ 50.000,00;;
MINISTERIO DA ECONOMIA;Pregão - Registro de Preço;Outros;OI MOVEL S.A. - EM RECUPERACAO JUDICIAL;05.423.963/0001-11;DF;R$ 50.000,00;;
MINISTERIO DA ECONOMIA;Pregão;Serviços;ATENAS ELEVADORES LTDA;10.658.360/0001-39;SP;R$ 49.980,00;;
MINISTERIO DA ECONOMIA;Pregão;Serviços;OFFICE COMERCIO E SERVICOS EIRELI;19.234.161/0001-78;PA;R$ 49.194,22;;
MINISTERIO DA ECONOMIA;Pregão;Serviços;ARPLAN ENGENHARIA TERMICA LTDA;24.198.681/0001-02;RN;R$ 48.000,00;;
MINISTERIO DA ECONOMIA;Dispensa de Licitação;Serviços;REPAV ROSARIO EDIFICACOES E PAVIMENTACAO LTDA;24.195.851/0001-03;RN;R$ 48.000,00;;
MINISTERIO DA ECONOMIA;Pregão - Registro de Preço;Serviços;LIMPAR LIMPEZA E CONSERVACAO LTDA;08.775.721/0001-85;PA;R$ 47.870,64;;
MINISTERIO DA ECONOMIA;Pregão;Serviços;HONIX ELEVADORES, MANUTENCAO E COMERCIO LTDA;21.051.130/0001-23;DF;R$ 47.520,00;;
MINISTERIO DA ECONOMIA;Pregão;Serviços;M F CHIABAI COMERCIO E SERVICOS;29.180.997/0001-90;ES;R$ 47.299,92;;
MINISTERIO DA ECONOMIA;Pregão;Serviços;LG. ADMINISTRADORA DE SERVICOS EIRELI;05.427.994/0001-40;PR;R$ 46.419,60;;
MINISTERIO DA ECONOMIA;Pregão;Serviços;TELEMAR NORTE LESTE S/A. - EM RECUPERACAO JUDICIAL;33.000.118/0001-79;RJ;R$ 46.227,71;;
MINISTERIO DA ECONOMIA;Pregão - Registro de Preço;Outros;OI MOVEL S.A. - EM RECUPERACAO JUDICIAL;05.423.963/0001-11;DF;R$ 45.095,20;;
MINISTERIO DA ECONOMIA;Pregão - Registro de Preço;Serviços;TELEMAR NORTE LESTE S/A. - EM RECUPERACAO JUDICIAL;33.000.118/0001-79;RJ;R$ 44.813,04;;
MINISTERIO DA ECONOMIA;Pregão;Serviços;CONAMA CONSTRUCOES AMAPAENSE LTDA;14.533.285/0001-30;AP;R$ 44.049,48;;
MINISTERIO DA ECONOMIA;Pregão;Serviços;ON SERVICE SERVICOS ESPECIALIZADOS LTDA;14.867.166/0001-14;GO;R$ 43.850,00;;
MINISTERIO DA ECONOMIA;Dispensa de Licitação;Serviços;NELISE F. PRADO & CIA LTDA;01.294.164/0001-31;MT;R$ 43.488,00;;
MINISTERIO DA ECONOMIA;Pregão - Registro de Preço;Serviços;RENOVA CONSTRUCOES E PAISAGISMO LTDA ME;13.777.340/0001-75;MS;R$ 43.267,48;;
MINISTERIO DA ECONOMIA;Inexigibilidade de Licitação;Serviços;CESB - CENTRO DE EDUCACAO SUPERIOR DE BRASILIA LTDA;00.422.333/0001-09;DF;R$ 42.615,88;;
MINISTERIO DA ECONOMIA;Pregão;Outros;ALLGED SOLUCOES DE TI LTDA.;23.226.948/0001-65;RS;R$ 42.009,00;;
MINISTERIO DA ECONOMIA;Pregão;Serviços;R M LEITE EIRELI;13.052.046/0001-04;RO;R$ 42.000,00;;
MINISTERIO DA ECONOMIA;Sem Informação;Outros;AR FREE COMERCIO DE EQUIPAMENTOS ELETRO ELETRONICOS EIRELI;03.895.171/0002-03;MS;R$ 41.924,00;;
MINISTERIO DA ECONOMIA;Pregão;Serviços;DIRETIVA PATRIMONIAL LTDA;03.363.962/0001-01;PR;R$ 41.717,52;;
MINISTERIO DA ECONOMIA;Pregão - Registro de Preço;Outros;CLARO S.A.;40.432.544/0001-47;SP;R$ 41.356,80;;
MINISTERIO DA ECONOMIA;Pregão - Registro de Preço;Serviços;NORTE XPRESS TRANSPORTES SERVICOS EIRELI;11.140.110/0001-75;AC;R$ 40.650,00;;
MINISTERIO DA ECONOMIA;Pregão - Registro de Preço;Bens patrimoniais;FK GRUPO S/A;55.088.157/0001-02;SP;R$ 40.239,00;;
MINISTERIO DA ECONOMIA;Dispensa de Licitação;Serviços;EMPRESA BRASILEIRA DE CORREIOS E TELEGRAFOS;34.028.316/8056-16;RR;R$ 40.000,00;;
MINISTERIO DA ECONOMIA;Pregão;Serviços;ATENAS ELEVADORES LTDA;10.658.360/0001-39;SP;R$ 39.600,00;;
MINISTERIO DA ECONOMIA;Dispensa de Licitação;Serviços;SERVEBEM CONSERVACAO E LIMPEZA DE PREDIOS EIRELI;15.309.324/0001-83;PB;R$ 39.241,86;;
MINISTERIO DA ECONOMIA;Pregão;Serviços;OFFICE COMERCIO E SERVICOS EIRELI;19.234.161/0001-78;PA;R$ 39.192,78;;
MINISTERIO DA ECONOMIA;Pregão;Serviços;SM & P CONSTRUCAO E COMERCIO LTDA;35.779.324/0001-54;TO;R$ 38.956,00;;
MINISTERIO DA ECONOMIA;Pregão;Serviços;FABRICA GESTAO DE PESSOAS E SERVICOS DE APOIO EIRELI;11.517.550/0001-07;CE;R$ 38.853,96;;
MINISTERIO DA ECONOMIA;Inexigibilidade de Licitação;Serviços;CEMIG DISTRIBUICAO S.A;06.981.180/0001-16;MG;R$ 38.759,64;;
MINISTERIO DA ECONOMIA;Pregão;Serviços;OI S.A. - EM RECUPERACAO JUDICIAL;76.535.764/0001-43;RJ;R$ 38.307,12;;
MINISTERIO DA ECONOMIA;Pregão;Serviços;LINCE - SEGURANCA PATRIMONIAL LTDA.;10.364.152/0002-08;RS;R$ 38.259,00;;
MINISTERIO DA ECONOMIA;Pregão - Registro de Preço;Materiais;A M J COMERCIO DE GAS GLP LTDA;06.991.581/0001-57;AL;R$ 37.999,20;;
MINISTERIO DA ECONOMIA;Inexigibilidade de Licitação;Serviços;SBDC - SOCIEDADE BRASILEIRA DE DESENVOLVIMENTO COMPORTAMENTAL LTDA;14.238.056/0001-93;RS;R$ 37.905,00;;
MINISTERIO DA ECONOMIA;Pregão;Serviços;ELEVADORES OTIS LTDA;29.739.737/0005-36;MG;R$ 37.800,00;;
MINISTERIO DA ECONOMIA;Pregão;Serviços;R B F EMPREENDIMENTOS E SERVICOS EIRELI;09.193.807/0001-62;AP;R$ 37.504,92;;
MINISTERIO DA ECONOMIA;Pregão;Serviços;R B F EMPREENDIMENTOS E SERVICOS EIRELI;09.193.807/0001-62;AP;R$ 37.108,20;;
MINISTERIO DA ECONOMIA;Pregão - Registro de Preço;Bens patrimoniais;SERRA MOBILE INDUSTRIA E COMERCIO LTDA;07.875.146/0001-20;RS;R$ 36.962,23;;
MINISTERIO DA ECONOMIA;Pregão;Serviços;ORBENK ADMINISTRACAO E SERVICOS LTDA.;79.283.065/0001-41;SC;R$ 36.476,54;;
MINISTERIO DA ECONOMIA;Pregão;Materiais, Serviços;WS SERVICOS E COMERCIO EIRELI;29.260.268/0001-44;SE;R$ 36.098,88;;
MINISTERIO DA ECONOMIA;Pregão;Serviços;R B F EMPREENDIMENTOS E SERVICOS EIRELI;09.193.807/0001-62;AP;R$ 35.989,08;;
MINISTERIO DA ECONOMIA;Pregão;Serviços;R B F EMPREENDIMENTOS E SERVICOS EIRELI;09.193.807/0001-62;AP;R$ 35.650,68;;
MINISTERIO DA ECONOMIA;Pregão - Registro de Preço;Serviços;TMS COMERCIO E LOCACAO DE PURIFICADORES EIRELI;09.114.027/0001-80;MG;R$ 35.620,00;;
MINISTERIO DA ECONOMIA;Pregão - Registro de Preço;Outros;VETT - VIA EXPRESS TECNOLOGIA E TELECOMUNICACOES LTDA;11.743.904/0001-23;MS;R$ 35.208,00;;
MINISTERIO DA ECONOMIA;Pregão - Registro de Preço;Serviços;LIMPAR LIMPEZA E CONSERVACAO LTDA;08.775.721/0001-85;PA;R$ 34.940,76;;
MINISTERIO DA ECONOMIA;Dispensa de Licitação;Serviços;ABC SERVICOS GERAIS EIRELI;08.531.933/0001-17;GO;R$ 34.934,06;;
MINISTERIO DA ECONOMIA;Pregão - Registro de Preço;Serviços;IMPERIAL RONDONIA FORNECIMENTO E GESTAO DE RECURSOS HUMANOS PARA TERCEIROS LTDA;09.134.888/0001-20;RO;R$ 34.929,60;;
MINISTERIO DA ECONOMIA;Pregão;Serviços;AGNELO CONSTRUCOES EIRELI;13.546.319/0001-69;PA;R$ 34.190,00;;
MINISTERIO DA ECONOMIA;Inexigibilidade de Licitação;Serviços;MANAUS AMBIENTAL S.A.;03.264.927/0001-27;AM;R$ 34.079,49;;
MINISTERIO DA ECONOMIA;Pregão;Serviços;JOAO SIMOES DO CARMO;40.964.157/0001-51;PB;R$ 33.945,62;;
MINISTERIO DA ECONOMIA;Pregão - Registro de Preço;Serviços;NORTE XPRESS TRANSPORTES SERVICOS EIRELI;11.140.110/0001-75;AC;R$ 33.050,00;;
MINISTERIO DA ECONOMIA;Dispensa de Licitação;Serviços;CIPLAC LETREIROS COMUNICACAO VISUAL LTDA;01.095.215/0001-04;GO;R$ 32.600,00;;
MINISTERIO DA ECONOMIA;Dispensa de Licitação;Serviços;VISION EMPREENDIMENTOS EIRELI;09.327.728/0001-05;AP;R$ 32.399,92;;
MINISTERIO DA ECONOMIA;Pregão;Serviços;CONSTRAP EIRELI;10.330.342/0001-23;AP;R$ 32.101,42;;
MINISTERIO DA ECONOMIA;Pregão - Registro de Preço;Outros;SIMPRESS COMERCIO LOCACAO E SERVICOS LTDA;07.432.517/0001-07;SP;R$ 31.100,69;;
MINISTERIO DA ECONOMIA;Pregão - Registro de Preço;Bens patrimoniais;GLAGIO DO BRASIL PROTECAO BALISTICA EIRELI;66.260.415/0001-02;MG;R$ 30.692,00;;
MINISTERIO DA ECONOMIA;Pregão - Registro de Preço;Serviços;NORTE - CENTRO DE DISTRIBUICAO DE MERCADORIAS EM GERAL LTDA;21.813.150/0001-94;AC;R$ 30.520,92;;
MINISTERIO DA ECONOMIA;Pregão - Registro de Preço;Serviços;ORBENK ADMINISTRACAO E SERVICOS LTDA.;79.283.065/0001-41;SC;R$ 30.037,80;;
MINISTERIO DA ECONOMIA;Dispensa de Licitação;Serviços;AMPHER SOLUCOES EM ENGENHARIA E SERVICOS EIRELI;32.656.420/0001-17;RJ;R$ 29.925,47;;
MINISTERIO DA ECONOMIA;Pregão;Materiais;REAL MIX COMERCIO VAREJISTA LTDA;00.446.627/0001-70;PE;R$ 29.549,25;;
MINISTERIO DA ECONOMIA;Pregão - Registro de Preço;Serviços;ORBENK ADMINISTRACAO E SERVICOS LTDA.;79.283.065/0001-41;SC;R$ 28.789,56;;
MINISTERIO DA ECONOMIA;Pregão - Registro de Preço;Outros;ITS TELECOMUNICACOES LTDA;08.772.214/0001-98;BA;R$ 28.180,00;;
MINISTERIO DA ECONOMIA;Pregão;Serviços;E W T BRASIL ELEVADORES LTDA;20.810.747/0001-12;PR;R$ 28.000,00;;
MINISTERIO DA ECONOMIA;Pregão;Serviços;VISION EMPREENDIMENTOS EIRELI;09.327.728/0001-05;AP;R$ 27.899,85;;
MINISTERIO DA ECONOMIA;Pregão - Registro de Preço;Outros;OI MOVEL S.A. - EM RECUPERACAO JUDICIAL;05.423.963/0001-11;DF;R$ 27.852,80;;
MINISTERIO DA ECONOMIA;Pregão;Outros;PRINT & COPY EQUIPAMENTOS E SERVICOS LTDA;01.798.250/0001-81;MS;R$ 26.928,00;;
MINISTERIO DA ECONOMIA;Pregão;Materiais;BOAVENTURA CAFES ESPECIAIS EIRELI;24.252.228/0001-37;MG;R$ 26.278,25;;
MINISTERIO DA ECONOMIA;Pregão - Registro de Preço;Serviços;SEM LIMITES COMERCIO E SERVICOS LTDA;00.398.551/0001-55;MS;R$ 26.000,00;;
MINISTERIO DA ECONOMIA;Pregão;Materiais;EMPRESA DE MINERAL AQUALEVE LTDA;19.879.327/0001-03;RS;R$ 25.720,80;;
MINISTERIO DA ECONOMIA;Pregão - Registro de Preço;Outros;SIGMAFONE TELECOMUNICACOES LTDA;78.766.151/0001-42;PR;R$ 25.710,93;;
MINISTERIO DA ECONOMIA;Pregão - Registro de Preço;Serviços;MIRANDA TURISMO E REPRESENTACOES LTDA;24.929.614/0001-10;DF;R$ 25.450,12;;
MINISTERIO DA ECONOMIA;Pregão;Materiais, Serviços;MIRO TRANSPORTE E MANUTENCOES LTDA.;25.310.084/0001-90;RS;R$ 25.387,00;;
MINISTERIO DA ECONOMIA;Tomada de Preços;Obras;DI PISA ENGENHARIA E CONSULTORIA LTDA;27.864.977/0001-03;SP;R$ 24.979,51;;
MINISTERIO DA ECONOMIA;Pregão - Registro de Preço;Serviços;CG SUL SERVICOS LTDA;12.578.927/0001-92;MS;R$ 24.000,00;;
MINISTERIO DA ECONOMIA;Pregão - Registro de Preço;Materiais;PORTAL COMERCIO DE ALIMENTOS LTDA;21.883.765/0001-97;AL;R$ 23.580,00;;
MINISTERIO DA ECONOMIA;Pregão - Registro de Preço;Outros;TELEFONICA BRASIL S.A.;02.558.157/0001-62;SP;R$ 23.520,00;;
MINISTERIO DA ECONOMIA;Pregão - Registro de Preço;Serviços;SIGMAFONE TELECOMUNICACOES LTDA;78.766.151/0001-42;PR;R$ 23.455,46;;
MINISTERIO DA ECONOMIA;Pregão;Serviços;TOP ARCONDICIONADO LTDA;07.111.745/0001-77;PI;R$ 23.200,00;;
MINISTERIO DA ECONOMIA;Pregão;Serviços;ALGAR TELECOM S/A;71.208.516/0001-74;MG;R$ 23.068,88;;
MINISTERIO DA ECONOMIA;Pregão;Materiais;L N DA COSTA;05.360.995/0001-15;PA;R$ 23.008,44;;
MINISTERIO DA ECONOMIA;Pregão - Registro de Preço;Outros;ACRONET CORPORATIVO COMERCIO E SERVICOS EIRELI;15.512.542/0001-10;RO;R$ 22.410,00;;
MINISTERIO DA ECONOMIA;Pregão;Outros;PROSERVER TELECOMUNICACOES LTDA;08.411.698/0001-40;RS;R$ 22.400,00;;
MINISTERIO DA ECONOMIA;Dispensa de Licitação;Serviços;ALGAR TELECOM S/A;71.208.516/0001-74;MG;R$ 22.239,60;;
MINISTERIO DA ECONOMIA;Pregão;Serviços;FABRICA GESTAO DE PESSOAS E SERVICOS DE APOIO EIRELI;11.517.550/0001-07;CE;R$ 21.936,00;;
MINISTERIO DA ECONOMIA;Pregão;Materiais, Serviços;MAX ANDRE AVILA DE PAIVA;07.775.577/0001-14;RS;R$ 21.151,20;;
MINISTERIO DA ECONOMIA;Pregão;Materiais;KS LICITACOES, COMERCIO DE  ALIMENTOS LTDA;23.108.812/0001-50;PR;R$ 20.866,00;;
MINISTERIO DA ECONOMIA;Pregão;Materiais, Serviços;MAX ANDRE AVILA DE PAIVA;07.775.577/0001-14;RS;R$ 20.513,40;;
MINISTERIO DA ECONOMIA;Pregão;Serviços;TELEMAR NORTE LESTE S/A. - EM RECUPERACAO JUDICIAL;33.000.118/0001-79;RJ;R$ 20.099,58;;
MINISTERIO DA ECONOMIA;Inexigibilidade de Licitação;Serviços;COMPANHIA ENERGETICA DO RIO GRANDE DO NORTE COSERN;08.324.196/0001-81;RN;R$ 19.148,18;;
MINISTERIO DA ECONOMIA;Dispensa de Licitação;Serviços;CG SUL SERVICOS LTDA;12.578.927/0001-92;MS;R$ 19.107,10;;
MINISTERIO DA ECONOMIA;Pregão - Registro de Preço;Serviços;SEM LIMITES COMERCIO E SERVICOS LTDA;00.398.551/0001-55;MS;R$ 19.000,00;;
MINISTERIO DA ECONOMIA;Pregão - Registro de Preço;Serviços;MIRANDA TURISMO E REPRESENTACOES LTDA;24.929.614/0001-10;DF;R$ 18.178,70;;
MINISTERIO DA ECONOMIA;Pregão;Serviços;RCE COMERCIO DE EQUIPAMENTOS DE TELEMATICA LTDA;03.917.124/0001-24;RS;R$ 18.160,00;;
MINISTERIO DA ECONOMIA;Pregão - Registro de Preço;Bens patrimoniais;SERRA MOBILE INDUSTRIA E COMERCIO LTDA;07.875.146/0001-20;RS;R$ 17.884,95;;
MINISTERIO DA ECONOMIA;Dispensa de Licitação;Serviços;AUTO SOCORRO ZE BRANCO LTDA;02.580.304/0001-09;SP;R$ 17.600,00;;
MINISTERIO DA ECONOMIA;Pregão;Serviços;SDTECH ELEVADORES E SERVICOS LTDA.;09.391.956/0001-36;SP;R$ 17.350,00;;
MINISTERIO DA ECONOMIA;Inexigibilidade de Licitação;Outros;QUALITY SOFTWARE S/A;35.791.391/0004-37;SP;R$ 17.229,96;;
MINISTERIO DA ECONOMIA;Dispensa de Licitação;Materiais;AUTO POSTO CENTENARIO LTDA;02.984.331/0001-39;MG;R$ 16.616,40;;
MINISTERIO DA ECONOMIA;Pregão;Outros;PROSERVER TELECOMUNICACOES LTDA;08.411.698/0001-40;RS;R$ 16.600,00;;
MINISTERIO DA ECONOMIA;Dispensa de Licitação;Serviços;DF TURISMO E EVENTOS LTDA;07.832.586/0001-08;DF;R$ 16.325,44;;
MINISTERIO DA ECONOMIA;Pregão - Registro de Preço;Outros;ACRONET CORPORATIVO COMERCIO E SERVICOS EIRELI;15.512.542/0001-10;RO;R$ 15.900,00;;
MINISTERIO DA ECONOMIA;Dispensa de Licitação;Materiais;NORDEX EXPRESS - EIRELI;20.976.413/0001-13;PE;R$ 15.820,00;;
MINISTERIO DA ECONOMIA;Pregão;Materiais;TYRESOLES DE SERGIPE INDUSTRIA COMERCIO E SERVICOS LTDA;13.007.828/0010-04;SE;R$ 14.964,00;;
MINISTERIO DA ECONOMIA;Pregão - Registro de Preço;Outros;ALTERNATIVA TELECOM EIRELI;01.857.112/0001-26;PA;R$ 14.640,00;;
MINISTERIO DA ECONOMIA;Dispensa de Licitação;Materiais, Serviços;MGU ELEVADORES LTDA;22.391.531/0001-95;AC;R$ 14.503,00;;
MINISTERIO DA ECONOMIA;Pregão;Outros;PROSERVER TELECOMUNICACOES LTDA;08.411.698/0001-40;RS;R$ 14.200,00;;
MINISTERIO DA ECONOMIA;Pregão;Serviços;A & Z  DISTRIBUIDORA DE FECHADURAS LTDA;14.283.102/0001-76;SP;R$ 14.170,00;;
MINISTERIO DA ECONOMIA;Pregão - Registro de Preço;Outros;CONNECTA COMERCIO DE INFORMATICA E TELECOM LTDA;12.061.413/0001-65;PA;R$ 14.000,00;;
MINISTERIO DA ECONOMIA;Pregão - Registro de Preço;Serviços;EMPREITEC CONSTRUCOES E MANUTENCOES LTDA;03.143.862/0001-61;SP;R$ 13.850,00;;
MINISTERIO DA ECONOMIA;Dispensa de Licitação;Serviços;LIMA PRESTADORA DE SERVICOS LTDA;04.675.505/0001-07;MG;R$ 13.845,00;;
MINISTERIO DA ECONOMIA;Dispensa de Licitação;Materiais;COOPERATIVA DE DESENVOLVIMENTO SUSTENTAVEL DA AGRICULTURA FAMILIAR DO SUL DA BAHIA;06.942.027/0001-80;BA;R$ 13.833,33;;
MINISTERIO DA ECONOMIA;Inexigibilidade de Licitação;Serviços;CEMIG DISTRIBUICAO S.A;06.981.180/0001-16;MG;R$ 13.825,44;;
MINISTERIO DA ECONOMIA;Pregão - Registro de Preço;Serviços;RENOVA CONSTRUCOES E PAISAGISMO LTDA ME;13.777.340/0001-75;MS;R$ 13.732,02;;
MINISTERIO DA ECONOMIA;Inexigibilidade de Licitação;Serviços;EMPRESA BRASIL DE COMUNICACAO S.A. - EBC;09.168.704/0001-42;DF;R$ 13.681,39;;
MINISTERIO DA ECONOMIA;Pregão - Registro de Preço;Serviços;RENOVA CONSTRUCOES E PAISAGISMO LTDA ME;13.777.340/0001-75;MS;R$ 13.386,78;;
MINISTERIO DA ECONOMIA;Dispensa de Licitação;Outros;BRISANET SERVICOS DE TELECOMUNICACOES LTDA;04.601.397/0001-28;CE;R$ 13.200,00;;
MINISTERIO DA ECONOMIA;Pregão - Registro de Preço;Bens patrimoniais;FK GRUPO S/A;55.088.157/0001-02;SP;R$ 13.150,00;;
MINISTERIO DA ECONOMIA;Pregão - Registro de Preço;Serviços;RENOVA CONSTRUCOES E PAISAGISMO LTDA ME;13.777.340/0001-75;MS;R$ 12.954,44;;
MINISTERIO DA ECONOMIA;Dispensa de Licitação;Materiais;AUTO POSTO MADEIRAO LTDA;63.771.398/0001-80;RO;R$ 12.874,44;;
MINISTERIO DA ECONOMIA;Dispensa de Licitação;Serviços;IDEAL CONSERVACAO E LIMPEZA DE PREDIOS EIRELI;18.907.676/0001-29;PB;R$ 12.672,00;;
MINISTERIO DA ECONOMIA;Pregão;Outros;NOVA SICILIANO INDUSTRIA E COMERCIO DE PLACAS METALICAS EIRELI;12.441.715/0001-69;RJ;R$ 12.240,00;;
MINISTERIO DA ECONOMIA;Dispensa de Licitação;Serviços;AJP DESINSETIZADORA LTDA;00.776.218/0001-32;ES;R$ 12.020,00;;
MINISTERIO DA ECONOMIA;Pregão;Serviços;RCE COMERCIO DE EQUIPAMENTOS DE TELEMATICA LTDA;03.917.124/0001-24;RS;R$ 11.900,00;;
MINISTERIO DA ECONOMIA;Pregão;Outros;IMPRESSIONE SOLUCOES EM COPIAS E IMPRESSOES LTDA;10.953.726/0001-00;RN;R$ 11.579,04;;
MINISTERIO DA ECONOMIA;Dispensa de Licitação;Serviços;MECANICA TARABOLI LTDA;04.147.939/0001-34;MG;R$ 11.550,00;;
MINISTERIO DA ECONOMIA;Dispensa de Licitação;Serviços;FORTALEZA LOCACOES TELEFONICAS LTDA;09.069.955/0001-70;CE;R$ 11.480,00;;
MINISTERIO DA ECONOMIA;Pregão - Registro de Preço;Serviços;GOUVEA SERVICOS DE APOIO ADMINISTRATIVO EIRELI;08.594.951/0001-48;BA;R$ 11.366,12;;
MINISTERIO DA ECONOMIA;Dispensa de Licitação;Serviços;ALGAR TELECOM S/A;71.208.516/0001-74;MG;R$ 10.509,00;;
MINISTERIO DA ECONOMIA;Pregão;Outros;SULCOM INFORMATICA LTDA;03.037.778/0001-63;RS;R$ 10.500,00;;
MINISTERIO DA ECONOMIA;Pregão - Registro de Preço;Bens patrimoniais;MAX MOVE COMERCIO DE MOVEIS E TRANSPORTES EIRELI;03.963.184/0001-83;SP;R$ 9.360,00;;
MINISTERIO DA ECONOMIA;Dispensa de Licitação;Outros;TELEFONICA BRASIL S.A.;02.558.157/0001-62;SP;R$ 9.359,76;;
MINISTERIO DA ECONOMIA;Pregão;Materiais;COMPRA CERTA COMERCIO DE MATERIAIS DE CONSUMO EIRELI;27.974.141/0001-61;PE;R$ 9.299,22;;
MINISTERIO DA ECONOMIA;Pregão;Serviços;OI S.A. - EM RECUPERACAO JUDICIAL;76.535.764/0001-43;RJ;R$ 9.225,80;;
MINISTERIO DA ECONOMIA;Dispensa de Licitação;Outros;VIDEOMAR REDE NORDESTE S/A;63.356.042/0001-80;CE;R$ 8.992,80;;
MINISTERIO DA ECONOMIA;Dispensa de Licitação;Outros;TELEFONICA BRASIL S.A.;02.558.157/0001-62;SP;R$ 8.399,40;;
MINISTERIO DA ECONOMIA;Dispensa de Licitação;Serviços;EMPRESA BRASILEIRA DE CORREIOS E TELEGRAFOS;34.028.316/0004-56;AL;R$ 8.305,15;;
MINISTERIO DA ECONOMIA;Pregão;Materiais;BOAVENTURA CAFES ESPECIAIS EIRELI;24.252.228/0001-37;MG;R$ 8.190,00;;
MINISTERIO DA ECONOMIA;Inexigibilidade de Licitação;Serviços;UNIAO BRASILEIRA DE EDUCACAO E ASSISTENCIA;88.630.413/0002-81;RS;R$ 8.010,00;;
MINISTERIO DA ECONOMIA;Pregão;Serviços;ENGELEV LTDA;04.014.812/0001-47;RN;R$ 7.950,00;;
MINISTERIO DA ECONOMIA;Pregão - Registro de Preço;Materiais;SR PLACE COMERCIAL EIRELI;28.569.402/0001-20;SP;R$ 7.920,00;;
MINISTERIO DA ECONOMIA;Sem Informação;Outros;FRIOVIX COMERCIO DE REFRIGERACAO LTDA;09.316.105/0001-29;ES;R$ 7.816,00;;
MINISTERIO DA ECONOMIA;Dispensa de Licitação;Serviços;REPLAMA PRESTACAO DE SERVICOS LTDA;03.191.712/0001-23;CE;R$ 7.800,00;;
MINISTERIO DA ECONOMIA;Dispensa de Licitação;Outros;BRISANET SERVICOS DE TELECOMUNICACOES LTDA;04.601.397/0001-28;CE;R$ 7.800,00;;
MINISTERIO DA ECONOMIA;Pregão;Materiais;M.S. DA LUZ COM. E SERV;18.988.961/0001-11;PA;R$ 7.754,04;;
MINISTERIO DA ECONOMIA;Dispensa de Licitação;Materiais;AUTO POSTO MADEIRAO LTDA;63.771.398/0001-80;RO;R$ 7.521,60;;
MINISTERIO DA ECONOMIA;Pregão;Serviços;GABRIELA GONCALVES PARABONI VAZ;30.926.988/0001-85;RS;R$ 7.401,60;;
MINISTERIO DA ECONOMIA;Pregão - Registro de Preço;Bens patrimoniais;LENDARIO COMERCIO DE EQUIPAMENTOS ELETRICOS EIRELI;34.073.854/0001-10;DF;R$ 7.279,50;;
MINISTERIO DA ECONOMIA;Pregão - Registro de Preço;Serviços;MIRANDA TURISMO E REPRESENTACOES LTDA;24.929.614/0001-10;DF;R$ 7.271,44;;
MINISTERIO DA ECONOMIA;Sem Informação;Outros;INOVA VENDAS EIRELI;30.459.862/0001-48;GO;R$ 7.104,00;;
MINISTERIO DA ECONOMIA;Pregão;Serviços;JAIR CARIMBOS E ARTIGO DE PAPELARIA LTDA;09.371.678/0001-55;SP;R$ 7.050,00;;
MINISTERIO DA ECONOMIA;Dispensa de Licitação;Serviços;TOALHEIROS REAL EIRELI;42.272.856/0001-66;RJ;R$ 6.912,00;;
MINISTERIO DA ECONOMIA;Sem Informação;Outros;FAST SUPPLY TECHNOLOGY LTDA;11.658.112/0001-50;RJ;R$ 6.897,00;;
MINISTERIO DA ECONOMIA;Dispensa de Licitação;Serviços;THYSSENKRUPP ELEVADORES SA;90.347.840/0040-24;SP;R$ 6.840,00;;
MINISTERIO DA ECONOMIA;Pregão;Serviços;AWK AMBIENTAL LTDA;26.727.694/0001-57;SP;R$ 6.839,00;;
MINISTERIO DA ECONOMIA;Pregão;Outros;FLAVIO GARCIA FERREIRA;11.840.992/0001-81;GO;R$ 6.600,00;;
MINISTERIO DA ECONOMIA;Dispensa de Licitação;Outros;NWNET TELECOM LTDA;11.105.612/0001-65;MG;R$ 6.480,00;;
MINISTERIO DA ECONOMIA;Inexigibilidade de Licitação;Serviços;COMPANHIA DE SANEAMENTO DO PARA;04.945.341/0001-90;PA;R$ 6.045,02;;
MINISTERIO DA ECONOMIA;Dispensa de Licitação;Outros;REDE RALPNET TELECOMUNICACOES EIRELI;19.435.886/0001-24;MA;R$ 6.000,00;;
MINISTERIO DA ECONOMIA;Dispensa de Licitação;Materiais;A.C.F. MOREIRA;14.410.553/0001-27;RO;R$ 5.910,00;;
MINISTERIO DA ECONOMIA;Pregão - Registro de Preço;Bens patrimoniais;LAR E COZINHA COMERCIAL LTDA;32.183.517/0001-50;GO;R$ 5.892,64;;
MINISTERIO DA ECONOMIA;Dispensa de Licitação;Materiais;A.C.F. MOREIRA;14.410.553/0001-27;RO;R$ 5.811,00;;
MINISTERIO DA ECONOMIA;Pregão;Serviços;ALERTA SEGURANCA ELETRONICA EIRELI;02.715.056/0001-58;PB;R$ 5.695,08;;
MINISTERIO DA ECONOMIA;Pregão;Serviços;ALERTA SEGURANCA ELETRONICA EIRELI;02.715.056/0001-58;PB;R$ 5.589,24;;
MINISTERIO DA ECONOMIA;Pregão;Serviços;CONNECT ESTAGIOS LTDA;21.639.300/0001-95;ES;R$ 5.484,60;;
MINISTERIO DA ECONOMIA;Pregão;Materiais;AKBAR COMERCIO EXPORTACAO E IMPORTACAO LTDA;04.279.374/0001-49;SE;R$ 5.474,00;;
MINISTERIO DA ECONOMIA;Sem Informação;Outros;MAXIMUM COMERCIAL IMPORTADORA E EXPORTADORA LTDA;12.467.682/0001-26;DF;R$ 5.220,00;;
MINISTERIO DA ECONOMIA;Pregão;Outros;SPEEDSERVICE TELECOMUNICACOES LTDA;08.941.139/0001-41;RS;R$ 5.180,00;;
MINISTERIO DA ECONOMIA;Dispensa de Licitação;Materiais;DP AUTO POSTO LTDA;09.688.747/0001-59;MG;R$ 5.117,20;;
MINISTERIO DA ECONOMIA;Pregão;Serviços;MOPEN MANUTENCAO E OPERACAO DE EQUIPAMENTOS ELETRO-ELETRONICOS LTDA;05.027.397/0001-29;SC;R$ 4.840,00;;
MINISTERIO DA ECONOMIA;Inexigibilidade de Licitação;Serviços;EMPRESA BRASIL DE COMUNICACAO S.A. - EBC;09.168.704/0001-42;DF;R$ 4.800,00;;
MINISTERIO DA ECONOMIA;Dispensa de Licitação;Outros;CERTTO TELECOMUNICACOES LTDA;00.796.307/0001-40;PR;R$ 4.797,60;;
MINISTERIO DA ECONOMIA;Pregão;Outros;BRPHONIA PROVEDOR IP LTDA;10.431.131/0001-87;RS;R$ 4.780,00;;
MINISTERIO DA ECONOMIA;Pregão - Registro de Preço;Materiais;CARMO  EDUCACAO PROFISSIONAL EIRELI;29.400.170/0001-45;RO;R$ 4.745,00;;
MINISTERIO DA ECONOMIA;Dispensa de Licitação;Serviços;LAVANDERIA PADRAO EIRELI  - EM RECUPERACAO JUDICIAL;02.452.824/0001-28;DF;R$ 4.742,40;;
MINISTERIO DA ECONOMIA;Pregão;Serviços;R J MARTINS LAVANDERIA LTDA;19.622.004/0001-30;PA;R$ 4.699,80;;
MINISTERIO DA ECONOMIA;Pregão - Registro de Preço;Materiais;E S OLIVEIRA COMERCIO;83.211.342/0001-88;PA;R$ 4.684,80;;
MINISTERIO DA ECONOMIA;Dispensa de Licitação;Outros;COM4 DATA CENTER EIRELI;02.420.128/0001-30;SP;R$ 4.668,00;;
MINISTERIO DA ECONOMIA;Pregão - Registro de Preço;Materiais;ROAD COMERCIO E SERVICOS EIRELI;05.555.440/0001-29;RO;R$ 4.560,00;;
MINISTERIO DA ECONOMIA;Pregão - Registro de Preço;Serviços;MIRANDA TURISMO E REPRESENTACOES LTDA;24.929.614/0001-10;DF;R$ 4.544,65;;
MINISTERIO DA ECONOMIA;Inexigibilidade de Licitação;Serviços;DEPARTAMENTO DE AGUA E ESGOTO DO MUNICIPIO DE VARZEA GRANDE;02.555.079/0001-42;MT;R$ 4.518,00;;
MINISTERIO DA ECONOMIA;Dispensa de Licitação;Serviços;INSTITUTO EUVALDO LODI NUCLEO REGIONAL DE ALAGOAS;12.157.863/0001-56;AL;R$ 4.334,40;;
MINISTERIO DA ECONOMIA;Dispensa de Licitação;Materiais;AUTO POSTO E CENTRO AUTOMOTIVO WENCESLAU BRAZ LTDA;17.212.958/0001-49;MG;R$ 3.860,01;;
MINISTERIO DA ECONOMIA;Dispensa de Licitação;Outros;BITMAIL SERVICOS DE INFORMATICA LTDA;12.183.982/0001-83;MA;R$ 3.600,00;;
MINISTERIO DA ECONOMIA;Dispensa de Licitação;Serviços;TMS COMERCIO E LOCACAO DE PURIFICADORES EIRELI;09.114.027/0001-80;MG;R$ 3.562,00;;
MINISTERIO DA ECONOMIA;Dispensa de Licitação;Outros;VIACOM NEXT GENERATION COMUNICACAO LTDA;06.172.384/0001-06;MA;R$ 3.498,80;;
MINISTERIO DA ECONOMIA;Dispensa de Licitação;Outros;TELECOMUNICACOES NORDESTE LTDA;02.995.233/0001-05;MA;R$ 3.438,80;;
MINISTERIO DA ECONOMIA;Dispensa de Licitação;Serviços;ELITE SEGURANCA ELETRONICA EIRELI;31.846.738/0001-06;RO;R$ 3.360,00;;
MINISTERIO DA ECONOMIA;Pregão;Serviços;ACRE FRIO AR CONDICIONADO LTDA;10.889.815/0001-27;AC;R$ 3.210,00;;
MINISTERIO DA ECONOMIA;Dispensa de Licitação;Materiais;E. M. DOS S. BASTOS;12.953.821/0001-21;PA;R$ 3.207,60;;
MINISTERIO DA ECONOMIA;Dispensa de Licitação;Outros;EASYTECH TELECOM LTDA;19.380.601/0001-03;MG;R$ 3.200,00;;
MINISTERIO DA ECONOMIA;Pregão;Serviços;CENTRO DE INTEGRACAO EMPRESA ESCOLA CIE E;61.600.839/0001-55;SP;R$ 3.092,88;;
MINISTERIO DA ECONOMIA;Pregão - Registro de Preço;Materiais;IMEISSEN COMERCIO E SERVICOS EIRELI;15.749.688/0001-84;RO;R$ 2.920,32;;
MINISTERIO DA ECONOMIA;Pregão;Serviços;OI S.A. - EM RECUPERACAO JUDICIAL;76.535.764/0001-43;RJ;R$ 2.910,00;;
MINISTERIO DA ECONOMIA;Pregão;Serviços;OI S.A. - EM RECUPERACAO JUDICIAL;76.535.764/0001-43;RJ;R$ 2.686,83;;
MINISTERIO DA ECONOMIA;Pregão;Serviços;ITAMAR C. DA SILVA;03.397.088/0001-15;RR;R$ 2.660,00;;
MINISTERIO DA ECONOMIA;Pregão;Materiais;MAXIMO COMERCIO E DISTRIBUICAO EIRELI;24.343.530/0001-09;SE;R$ 2.615,90;;
MINISTERIO DA ECONOMIA;Dispensa de Licitação;Outros;CONEXAO FERREIRA TELECOMUNICACOES LTDA;25.306.186/0001-32;MG;R$ 2.400,00;;
MINISTERIO DA ECONOMIA;Pregão;Serviços;CENTRO DE INTEGRACAO EMPRESA ESCOLA CIE E;61.600.839/0001-55;SP;R$ 2.400,00;;
MINISTERIO DA ECONOMIA;Dispensa de Licitação;Outros;STRATUS TELECOMUNICACOES LTDA;03.094.815/0001-75;MG;R$ 2.398,80;;
MINISTERIO DA ECONOMIA;Pregão - Registro de Preço;Serviços;FAMA SERVICE ADMINISTRACAO DE SERVICOS GERAIS EIRELI;00.317.343/0001-84;PR;R$ 2.302,44;;
MINISTERIO DA ECONOMIA;Dispensa de Licitação;Materiais;KSS DISTRIBUIDORA DE BEBIDAS LTDA;24.791.993/0001-25;RO;R$ 2.250,00;;
MINISTERIO DA ECONOMIA;Dispensa de Licitação;Outros;NWNET TELECOM LTDA;11.105.612/0001-65;MG;R$ 2.158,80;;
MINISTERIO DA ECONOMIA;Dispensa de Licitação;Serviços;ALARM SYSTEM TECNOLOGIA LTDA;01.073.158/0001-54;SP;R$ 2.148,00;;
MINISTERIO DA ECONOMIA;Pregão - Registro de Preço;Bens patrimoniais;LAR E COZINHA COMERCIAL LTDA;32.183.517/0001-50;GO;R$ 1.918,24;;
MINISTERIO DA ECONOMIA;Dispensa de Licitação;Materiais;DAIANE LAZZARETTI SOUZA;06.272.573/0001-50;MS;R$ 1.800,00;;
MINISTERIO DA ECONOMIA;Dispensa de Licitação;Outros;NWNET TELECOM LTDA;11.105.612/0001-65;MG;R$ 1.798,80;;
MINISTERIO DA ECONOMIA;Dispensa de Licitação;Serviços;ERCIO APARECIDO DE AGUIAR - CPF 78050723615;02.172.538/0001-09;MG;R$ 1.680,00;;
MINISTERIO DA ECONOMIA;Dispensa de Licitação;Outros;SOFTWAY INFORMATICA LTDA;03.248.312/0001-07;CE;R$ 1.500,00;;
MINISTERIO DA ECONOMIA;Pregão - Registro de Preço;Materiais;CARMO  EDUCACAO PROFISSIONAL EIRELI;29.400.170/0001-45;RO;R$ 1.466,00;;
MINISTERIO DA ECONOMIA;Pregão - Registro de Preço;Bens patrimoniais;COMERCIAL ELIANE EIRELI;23.273.760/0001-78;PR;R$ 1.417,56;;
MINISTERIO DA ECONOMIA;Dispensa de Licitação;Serviços;2MC TRANSPORTES RODOVIARIOS LTDA;07.941.147/0001-25;RJ;R$ 1.260,00;;
MINISTERIO DA ECONOMIA;Dispensa de Licitação;Outros;F J S LESSA;22.689.075/0001-64;MA;R$ 1.200,00;;
MINISTERIO DA ECONOMIA;Dispensa de Licitação;Outros;MARCIO MENDES PEREIRA LTDA;09.153.955/0001-53;MA;R$ 1.199,40;;
MINISTERIO DA ECONOMIA;Dispensa de Licitação;Outros;B.S. COSTA EIRELI;20.326.556/0001-80;MG;R$ 1.198,80;;
MINISTERIO DA ECONOMIA;Dispensa de Licitação;Outros;L. S. OLIVEIRA SERVICOS DE TELECOM LTDA;24.996.033/0001-00;CE;R$ 1.198,80;;
MINISTERIO DA ECONOMIA;Inexigibilidade de Licitação;Serviços;SERVICO AUTONOMO DE AGUA E ESGOTO;12.763.116/0001-61;AL;R$ 1.136,74;;
MINISTERIO DA ECONOMIA;Pregão - Registro de Preço;Bens patrimoniais;LENDARIO COMERCIO DE EQUIPAMENTOS ELETRICOS EIRELI;34.073.854/0001-10;DF;R$ 970,60;;
MINISTERIO DA ECONOMIA;Dispensa de Licitação;Outros;MAP TELECOMUNICACOES LTDA;12.997.155/0002-04;MG;R$ 960,00;;
MINISTERIO DA ECONOMIA;Dispensa de Licitação;Outros;B.S. COSTA EIRELI;20.326.556/0001-80;MG;R$ 958,80;;
MINISTERIO DA ECONOMIA;Dispensa de Licitação;Outros;R G DE SOUSA EIRELI;21.897.077/0001-86;MA;R$ 899,94;;
MINISTERIO DA ECONOMIA;Pregão;Serviços;CENTRO DE INTEGRACAO EMPRESA ESCOLA CIE E;61.600.839/0001-55;SP;R$ 720,00;;
MINISTERIO DA ECONOMIA;Dispensa de Licitação;Outros;V M P TELECOMUNICACOES LTDA;11.207.793/0001-30;MG;R$ 639,20;;
MINISTERIO DA ECONOMIA;Dispensa de Licitação;Obras, Serviços;JMARTINS ENGENHARIA EIRELI;25.303.096/0001-98;RN;R$ 629,20;;
MINISTERIO DA ECONOMIA;Dispensa de Licitação;Materiais;IPE TRANSPORTE E GAS LTDA;03.627.960/0001-74;MS;R$ 316,00;;
MINISTERIO DA ECONOMIA;Inexigibilidade de Licitação;Serviços;OURO PRETO SERVICOS DE SANEAMENTO S.A - SANEOURO;35.198.517/0001-11;MG;R$ 292,20;;
MINISTERIO DA ECONOMIA;Dispensa de Licitação;Materiais;FRANCIELI VIANA DA SILVA SANTOS - EIRELI;29.516.577/0001-32;MS;R$ 260,00;;
MINISTERIO DA ECONOMIA;Pregão - Registro de Preço;Materiais;PRODUTIVIDADE SERVICOS ESPECIALIZADOS DE INSTALACOES LTDA;30.283.748/0001-00;SP;R$ 0,00;;
